time,f(t),IIR_CFE,Grunwald,exponential,recursive,shiftAvg1,shiftAvg9,shiftAvg5,shiftAvg3,shiftAvg8
0.0000,0.0000,0.0000,0.0000,0.0000,0.0000,0.0000,0.0000,0.0000,0.0000,0.0000
0.0100,0.0788,1.1148,0.7883,0.0000,0.0000,0.7883,0.7883,0.7883,0.7883,0.7883
0.0200,0.1572,1.1079,1.1776,0.0000,0.0000,1.1776,1.1776,1.1776,1.1776,1.1776
0.0300,0.2345,1.6515,1.4609,0.0000,0.0000,1.4609,1.4856,1.5000,1.4856,1.4856
0.0400,0.3104,1.6274,1.6860,0.0000,0.0000,1.6860,1.7360,1.7535,1.7372,1.7360
0.0500,0.3844,2.0112,1.8697,0.0000,0.0000,1.8697,1.9400,1.9821,1.9444,1.9400
0.0600,0.4560,1.9644,2.0202,0.0000,0.0000,2.0202,2.1027,2.1693,2.1124,2.1027
0.0700,0.5247,2.2538,2.1420,0.0000,0.0000,2.1420,2.2431,2.3188,2.2437,2.2440
0.0800,0.5902,2.1808,2.2378,0.0000,0.0000,2.2378,2.3528,2.4333,2.3629,2.3550
0.0900,0.6520,2.3991,2.3093,0.0000,0.0000,2.3093,2.4336,2.5143,2.4541,2.4375
0.1000,0.7097,2.2976,2.3579,0.0000,0.0000,2.3579,2.4866,2.5844,2.5187,2.4928
0.1100,0.7631,2.4561,2.3844,0.0000,0.0000,2.3844,2.5231,2.6269,2.5576,2.5215
0.1200,0.8116,2.3250,2.3898,0.0000,0.0000,2.3898,2.5352,2.6432,2.5715,2.5376
0.1300,0.8552,2.4309,2.3748,0.0000,0.0000,2.3748,2.5237,2.6341,2.5609,2.5305
0.1400,0.8934,2.2702,2.3402,0.0000,0.0000,2.3402,2.4895,2.6005,2.5265,2.5010
0.1500,0.9260,2.3289,2.2866,0.0000,0.0000,2.2866,2.4331,2.5434,2.4688,2.4498
0.1600,0.9529,2.1395,2.2148,0.0000,0.0000,2.2148,2.3626,2.4635,2.4059,2.3777
0.1700,0.9738,2.1558,2.1257,0.0000,0.0000,2.1257,2.2722,2.3731,2.3229,2.2856
0.1800,0.9887,1.9398,2.0201,0.0000,0.0000,2.0201,2.1632,2.2629,2.2208,2.1743
0.1900,0.9974,1.9184,1.8990,0.0000,0.0000,1.8990,2.0363,2.1338,2.1004,2.0446
0.2000,1.0000,1.6783,1.7633,0.0000,0.0000,1.7633,1.8928,1.9870,1.9630,1.9076
0.2100,0.9963,1.6242,1.6141,0.0000,0.0000,1.6167,1.7336,1.8238,1.8095,1.7550
0.2200,0.9864,1.3636,1.4526,0.0000,0.0000,1.4600,1.5649,1.6454,1.6412,1.5881
0.2300,0.9703,1.2820,1.2797,0.0000,0.0000,1.2942,1.3833,1.4532,1.4593,1.4082
0.2400,0.9482,1.0049,1.0969,0.0000,0.0000,1.1203,1.1901,1.2484,1.2651,1.2166
0.2500,0.9203,0.9012,0.9053,0.0000,0.0000,0.9395,0.9868,1.0326,1.0600,1.0145
0.2600,0.8866,0.6122,0.7063,0.0000,0.0000,0.7528,0.7747,0.8138,0.8453,0.8035
0.2700,0.8473,0.4922,0.5012,0.0000,0.0000,0.5614,0.5552,0.5871,0.6225,0.5849
0.2800,0.8028,0.1964,0.2913,0.0000,0.0000,0.3666,0.3299,0.3542,0.3931,0.3601
0.2900,0.7533,0.0659,0.0781,0.0000,0.0000,0.1694,0.1037,0.1166,0.1585,0.1308
0.3000,0.6991,-0.2315,-0.1370,0.0000,0.0000,-0.0288,-0.1253,-0.1240,-0.0796,-0.1016
0.3100,0.6406,-0.3665,-0.3526,0.0000,0.0000,-0.2268,-0.3555,-0.3660,-0.3198,-0.3357
0.3200,0.5781,-0.6603,-0.5674,0.0000,0.0000,-0.4234,-0.5854,-0.6079,-0.5499,-0.5698
0.3300,0.5120,-0.7939,-0.7798,0.0000,0.0000,-0.6174,-0.8134,-0.8480,-0.7788,-0.7958
0.3400,0.4426,-1.0786,-0.9886,0.0000,0.0000,-0.8075,-1.0381,-1.0848,-1.0048,-1.0186
0.3500,0.3706,-1.2051,-1.1924,0.0000,0.0000,-0.9926,-1.2580,-1.3167,-1.2264,-1.2369
0.3600,0.2962,-1.4756,-1.3898,0.0000,0.0000,-1.1715,-1.4717,-1.5423,-1.4423,-1.4492
0.3700,0.2200,-1.5897,-1.5796,0.0000,0.0000,-1.3431,-1.6754,-1.7561,-1.6510,-1.6541
0.3800,0.1424,-1.8411,-1.7606,0.0000,0.0000,-1.5064,-1.8701,-1.9607,-1.8511,-1.8502
0.3900,0.0639,-1.9377,-1.9316,0.0000,0.0000,-1.6603,-2.0545,-2.1546,-2.0413,-2.0363
0.4000,-0.0149,-2.1656,-2.0915,0.0000,0.0000,-1.8039,-2.2275,-2.3365,-2.2203,-2.2111
0.4100,-0.0937,-2.2402,-2.2393,0.0000,0.0000,-1.9362,-2.3879,-2.5054,-2.3870,-2.3736
0.4200,-0.1719,-2.4407,-2.3739,0.0000,0.0000,-2.0565,-2.5347,-2.6600,-2.5404,-2.5226
0.4300,-0.2490,-2.4895,-2.4947,0.0000,0.0000,-2.1640,-2.6669,-2.7994,-2.6793,-2.6573
0.4400,-0.3246,-2.6593,-2.6006,0.0000,0.0000,-2.2580,-2.7837,-2.9227,-2.8029,-2.7766
0.4500,-0.3982,-2.6792,-2.6912,0.0000,0.0000,-2.3379,-2.8843,-3.0290,-2.9104,-2.8800
0.4600,-0.4692,-2.8158,-2.7658,0.0000,0.0000,-2.4033,-2.9663,-3.1177,-3.0010,-2.9665
0.4700,-0.5374,-2.8043,-2.8239,0.0000,0.0000,-2.4538,-3.0309,-3.1882,-3.0743,-3.0358
0.4800,-0.6022,-2.9059,-2.8651,0.0000,0.0000,-2.4890,-3.0777,-3.2399,-3.1296,-3.0873
0.4900,-0.6633,-2.8617,-2.8891,0.0000,0.0000,-2.5087,-3.1062,-3.2726,-3.1665,-3.1208
0.5000,-0.7202,-2.9273,-2.8958,0.0000,0.0000,-2.5127,-3.1164,-3.2838,-3.1850,-3.1358
0.5100,-0.7726,-2.8496,-2.8851,0.0000,0.0000,-2.5012,-3.1081,-3.2755,-3.1847,-3.1325
0.5200,-0.8203,-2.8793,-2.8571,0.0000,0.0000,-2.4740,-3.0814,-3.2478,-3.1657,-3.1107
0.5300,-0.8628,-2.7684,-2.8119,0.0000,0.0000,-2.4315,-3.0363,-3.2010,-3.1281,-3.0705
0.5400,-0.9000,-2.7629,-2.7497,0.0000,0.0000,-2.3738,-2.9732,-3.1351,-3.0721,-3.0087
0.5500,-0.9315,-2.6198,-2.6711,0.0000,0.0000,-2.3014,-2.8925,-3.0506,-2.9980,-2.9291
0.5600,-0.9573,-2.5809,-2.5763,0.0000,0.0000,-2.2146,-2.7933,-2.9480,-2.9062,-2.8323
0.5700,-0.9771,-2.4076,-2.4660,0.0000,0.0000,-2.1141,-2.6775,-2.8280,-2.7973,-2.7187
0.5800,-0.9908,-2.3376,-2.3410,0.0000,0.0000,-2.0004,-2.5458,-2.6912,-2.6720,-2.5891
0.5900,-0.9984,-2.1367,-2.2018,0.0000,0.0000,-1.8742,-2.3989,-2.5384,-2.5311,-2.4443
0.6000,-0.9997,-2.0389,-2.0494,0.0000,0.0000,-1.7364,-2.2379,-2.3707,-2.3753,-2.2852
0.6100,-0.9949,-1.8140,-1.8848,0.0000,0.0000,-1.5878,-2.0636,-2.1889,-2.2057,-2.1126
0.6200,-0.9838,-1.6922,-1.7089,0.0000,0.0000,-1.4293,-1.8772,-1.9944,-2.0233,-1.9277
0.6300,-0.9666,-1.4473,-1.5228,0.0000,0.0000,-1.2618,-1.6798,-1.7881,-1.8292,-1.7316
0.6400,-0.9434,-1.3060,-1.3277,0.0000,0.0000,-1.0866,-1.4725,-1.5715,-1.6211,-1.5255
0.6500,-0.9143,-1.0457,-1.1248,0.0000,0.0000,-0.9046,-1.2568,-1.3444,-1.4039,-1.3106
0.6600,-0.8795,-0.8898,-0.9153,0.0000,0.0000,-0.7169,-1.0338,-1.1097,-1.1789,-1.0883
0.6700,-0.8393,-0.6191,-0.7005,0.0000,0.0000,-0.5248,-0.8041,-0.8688,-0.9474,-0.8600
0.6800,-0.7938,-0.4538,-0.4818,0.0000,0.0000,-0.3294,-0.5701,-0.6232,-0.7110,-0.6270
0.6900,-0.7434,-0.1781,-0.2604,0.0000,0.0000,-0.1320,-0.3330,-0.3743,-0.4709,-0.3908
0.7000,-0.6884,-0.0088,-0.0379,0.0000,0.0000,0.0663,-0.0945,-0.1237,-0.2287,-0.1528
0.7100,-0.6291,0.2665,0.1846,0.0000,0.0000,0.2641,0.1441,0.1270,0.0140,0.0855
0.7200,-0.5658,0.4343,0.4055,0.0000,0.0000,0.4603,0.3812,0.3764,0.2559,0.3226
0.7300,-0.4991,0.7037,0.6235,0.0000,0.0000,0.6537,0.6154,0.6228,0.4955,0.5570
0.7400,-0.4292,0.8644,0.8373,0.0000,0.0000,0.8429,0.8453,0.8647,0.7311,0.7874
0.7500,-0.3567,1.1227,1.0455,0.0000,0.0000,1.0270,1.0694,1.1007,0.9615,1.0123
0.7600,-0.2819,1.2709,1.2468,0.0000,0.0000,1.2046,1.2864,1.3293,1.1852,1.2302
0.7700,-0.2054,1.5130,1.4401,0.0000,0.0000,1.3747,1.4948,1.5491,1.4009,1.4400
0.7800,-0.1276,1.6439,1.6241,0.0000,0.0000,1.5363,1.6935,1.7587,1.6071,1.6401
0.7900,-0.0490,1.8650,1.7976,0.0000,0.0000,1.6883,1.8817,1.9568,1.8026,1.8295
0.8000,0.0299,1.9741,1.9596,0.0000,0.0000,1.8298,2.0578,2.1422,1.9862,2.0070
0.8100,0.1086,2.1701,2.1091,0.0000,0.0000,1.9599,2.2206,2.3138,2.1569,2.1714
0.8200,0.1866,2.2534,2.2452,0.0000,0.0000,2.0778,2.3692,2.4712,2.3135,2.3218
0.8300,0.2635,2.4206,2.3670,0.0000,0.0000,2.1828,2.5026,2.6128,2.4550,2.4572
0.8400,0.3387,2.4748,2.4738,0.0000,0.0000,2.2742,2.6199,2.7376,2.5807,2.5767
0.8500,0.4118,2.6104,2.5649,0.0000,0.0000,2.3515,2.7205,2.8448,2.6897,2.6797
0.8600,0.4824,2.6330,2.6398,0.0000,0.0000,2.4141,2.8038,2.9340,2.7814,2.7655
0.8700,0.5499,2.7348,2.6979,0.0000,0.0000,2.4616,2.8692,3.0044,2.8552,2.8336
0.8800,0.6140,2.7240,2.7390,0.0000,0.0000,2.4939,2.9164,3.0556,2.9107,2.8845
0.8900,0.6744,2.7907,2.7627,0.0000,0.0000,2.5106,2.9450,3.0874,2.9475,2.9171
0.9000,0.7305,2.7456,2.7690,0.0000,0.0000,2.5117,2.9549,3.0995,2.9654,2.9309
0.9100,0.7820,2.7768,2.7578,0.0000,0.0000,2.4972,2.9461,3.0920,2.9643,2.9260
0.9200,0.8287,2.6973,2.7292,0.0000,0.0000,2.4672,2.9189,3.0648,2.9443,2.9024
0.9300,0.8703,2.6934,2.6833,0.0000,0.0000,2.4217,2.8732,3.0180,2.9054,2.8602
0.9400,0.9064,2.5804,2.6205,0.0000,0.0000,2.3612,2.8093,2.9522,2.8479,2.7998
0.9500,0.9369,2.5427,2.5411,0.0000,0.0000,2.2861,2.7275,2.8675,2.7722,2.7215
0.9600,0.9615,2.3978,2.4457,0.0000,0.0000,2.1966,2.6284,2.7646,2.6788,2.6257
0.9700,0.9802,2.3284,2.3348,0.0000,0.0000,2.0935,2.5126,2.6441,2.5682,2.5132
0.9800,0.9928,2.1541,2.2091,0.0000,0.0000,1.9774,2.3808,2.5068,2.4411,2.3846
0.9900,0.9991,2.0559,2.0695,0.0000,0.0000,1.8490,2.2338,2.3535,2.2984,2.2407
1.0000,0.9993,1.8554,1.9168,0.0000,0.0000,1.7091,2.0727,2.1852,2.1409,2.0825
1.0100,0.9932,1.7320,1.7519,0.0000,0.0000,1.5585,1.8983,2.0033,1.9696,1.9109
1.0200,0.9810,1.5091,1.5758,0.0000,0.0000,1.3982,1.7117,1.8086,1.7856,1.7269
1.0300,0.9627,1.3646,1.3898,0.0000,0.0000,1.2292,1.5142,1.6023,1.5901,1.5318
1.0400,0.9383,1.1239,1.1949,0.0000,0.0000,1.0526,1.3070,1.3857,1.3842,1.3268
1.0500,0.9082,0.9631,0.9923,0.0000,0.0000,0.8694,1.0913,1.1601,1.1693,1.1131
1.0600,0.8723,0.7094,0.7834,0.0000,0.0000,0.6808,0.8688,0.9270,0.9467,0.8921
1.0700,0.8311,0.5374,0.5694,0.0000,0.0000,0.4880,0.6407,0.6877,0.7178,0.6652
1.0800,0.7847,0.2759,0.3516,0.0000,0.0000,0.2921,0.4082,0.4439,0.4840,0.4338
1.0900,0.7333,0.0981,0.1315,0.0000,0.0000,0.0945,0.1729,0.1969,0.2467,0.1993
1.1000,0.6775,-0.1657,-0.0897,0.0000,0.0000,-0.1038,-0.0638,-0.0515,0.0076,-0.0368
1.1100,0.6174,-0.3439,-0.3105,0.0000,0.0000,-0.3014,-0.3003,-0.3000,-0.2320,-0.2730
1.1200,0.5534,-0.6045,-0.5296,0.0000,0.0000,-0.4972,-0.5353,-0.5469,-0.4706,-0.5079
1.1300,0.4861,-0.7776,-0.7455,0.0000,0.0000,-0.6898,-0.7672,-0.7907,-0.7066,-0.7400
1.1400,0.4157,-1.0295,-0.9570,0.0000,0.0000,-0.8782,-0.9945,-1.0299,-0.9386,-0.9678
1.1500,0.3427,-1.1921,-1.1627,0.0000,0.0000,-1.0611,-1.2160,-1.2629,-1.1652,-1.1899
1.1600,0.2675,-1.4302,-1.3614,0.0000,0.0000,-1.2374,-1.4301,-1.4884,-1.3849,-1.4049
1.1700,0.1908,-1.5772,-1.5518,0.0000,0.0000,-1.4060,-1.6356,-1.7049,-1.5963,-1.6116
1.1800,0.1128,-1.7966,-1.7327,0.0000,0.0000,-1.5658,-1.8312,-1.9111,-1.7982,-1.8085
1.1900,0.0341,-1.9232,-1.9030,0.0000,0.0000,-1.7159,-2.0157,-2.1056,-1.9892,-1.9945
1.2000,-0.0448,-2.1194,-2.0616,0.0000,0.0000,-1.8553,-2.1878,-2.2873,-2.1682,-2.1683
1.2100,-0.1234,-2.2216,-2.2075,0.0000,0.0000,-1.9832,-2.3464,-2.4551,-2.3341,-2.3290
1.2200,-0.2013,-2.3907,-2.3399,0.0000,0.0000,-2.0987,-2.4906,-2.6076,-2.4858,-2.4755
1.2300,-0.2778,-2.4649,-2.4579,0.0000,0.0000,-2.2012,-2.6195,-2.7442,-2.6224,-2.6070
1.2400,-0.3527,-2.6038,-2.5607,0.0000,0.0000,-2.2899,-2.7324,-2.8639,-2.7431,-2.7224
1.2500,-0.4254,-2.6470,-2.6478,0.0000,0.0000,-2.3644,-2.8285,-2.9661,-2.8470,-2.8213
1.2600,-0.4954,-2.7532,-2.7185,0.0000,0.0000,-2.4242,-2.9072,-3.0501,-2.9335,-2.9028
1.2700,-0.5623,-2.7635,-2.7725,0.0000,0.0000,-2.4689,-2.9681,-3.1153,-3.0021,-2.9666
1.2800,-0.6258,-2.8352,-2.8094,0.0000,0.0000,-2.4983,-3.0107,-3.1615,-3.0521,-3.0123
1.2900,-0.6853,-2.8113,-2.8289,0.0000,0.0000,-2.5120,-3.0348,-3.1881,-3.0834,-3.0394
1.3000,-0.7406,-2.8479,-2.8310,0.0000,0.0000,-2.5102,-3.0403,-3.1952,-3.0958,-3.0479
1.3100,-0.7913,-2.7893,-2.8157,0.0000,0.0000,-2.4927,-3.0270,-3.1826,-3.0893,-3.0377
1.3200,-0.8370,-2.7908,-2.7829,0.0000,0.0000,-2.4597,-2.9951,-3.1505,-3.0639,-3.0089
1.3300,-0.8775,-2.6981,-2.7330,0.0000,0.0000,-2.4114,-2.9447,-3.0989,-3.0198,-2.9617
1.3400,-0.9126,-2.6654,-2.6662,0.0000,0.0000,-2.3481,-2.8763,-3.0283,-2.9572,-2.8963
1.3500,-0.9420,-2.5399,-2.5829,0.0000,0.0000,-2.2702,-2.7901,-2.9391,-2.8764,-2.8131
1.3600,-0.9655,-2.4747,-2.4838,0.0000,0.0000,-2.1782,-2.6868,-2.8318,-2.7781,-2.7127
1.3700,-0.9830,-2.3186,-2.3693,0.0000,0.0000,-2.0725,-2.5668,-2.7071,-2.6628,-2.5956
1.3800,-0.9944,-2.2236,-2.2402,0.0000,0.0000,-1.9540,-2.4311,-2.5658,-2.5312,-2.4627
1.3900,-0.9996,-2.0397,-2.0973,0.0000,0.0000,-1.8234,-2.2804,-2.4087,-2.3841,-2.3147
1.4000,-0.9986,-1.9181,-1.9414,0.0000,0.0000,-1.6814,-2.1158,-2.2369,-2.2225,-2.1525
1.4100,-0.9914,-1.7101,-1.7737,0.0000,0.0000,-1.5289,-1.9381,-2.0513,-2.0473,-1.9772
1.4200,-0.9780,-1.5659,-1.5950,0.0000,0.0000,-1.3669,-1.7486,-1.8532,-1.8597,-1.7899
1.4300,-0.9585,-1.3380,-1.4065,0.0000,0.0000,-1.1964,-1.5484,-1.6437,-1.6608,-1.5914
1.4400,-0.9331,-1.1757,-1.2094,0.0000,0.0000,-1.0184,-1.3387,-1.4243,-1.4518,-1.3833
1.4500,-0.9018,-0.9327,-1.0049,0.0000,0.0000,-0.8341,-1.1209,-1.1960,-1.2340,-1.1669
1.4600,-0.8649,-0.7572,-0.7943,0.0000,0.0000,-0.6446,-0.8963,-0.9605,-1.0088,-0.9434
1.4700,-0.8227,-0.5042,-0.5789,0.0000,0.0000,-0.4511,-0.6663,-0.7192,-0.7777,-0.7143
1.4800,-0.7753,-0.3208,-0.3599,0.0000,0.0000,-0.2548,-0.4323,-0.4737,-0.5419,-0.4810
1.4900,-0.7231,-0.0631,-0.1389,0.0000,0.0000,-0.0569,-0.1958,-0.2254,-0.3030,-0.2449
1.5000,-0.6664,0.1227,0.0829,0.0000,0.0000,0.1413,0.0417,0.0241,-0.0625,-0.0076
1.5100,-0.6056,0.3795,0.3040,0.0000,0.0000,0.3387,0.2788,0.2733,0.1781,0.2296
1.5200,-0.5409,0.5623,0.5231,0.0000,0.0000,0.5339,0.5140,0.5206,0.4174,0.4652
1.5300,-0.4730,0.8127,0.7389,0.0000,0.0000,0.7259,0.7458,0.7645,0.6539,0.6976
1.5400,-0.4020,0.9870,0.9499,0.0000,0.0000,0.9133,0.9729,1.0034,0.8860,0.9254
1.5500,-0.3286,1.2258,1.1549,0.0000,0.0000,1.0950,1.1938,1.2359,1.1124,1.1473
1.5600,-0.2531,1.3863,1.3526,0.0000,0.0000,1.2699,1.4071,1.4605,1.3316,1.3618
1.5700,-0.1761,1.6084,1.5418,0.0000,0.0000,1.4369,1.6115,1.6759,1.5423,1.5676
1.5800,-0.0979,1.7504,1.7213,0.0000,0.0000,1.5950,1.8056,1.8806,1.7431,1.7635
1.5900,-0.0192,1.9511,1.8899,0.0000,0.0000,1.7431,1.9884,2.0735,1.9329,1.9482
1.6000,0.0597,2.0701,2.0467,0.0000,0.0000,1.8804,2.1586,2.2533,2.1104,2.1205
1.6100,0.1382,2.2453,2.1906,0.0000,0.0000,2.0060,2.3153,2.4189,2.2746,2.2795
1.6200,0.2159,2.3375,2.3208,0.0000,0.0000,2.1191,2.4574,2.5693,2.4244,2.4240
1.6300,0.2922,2.4838,2.4364,0.0000,0.0000,2.2190,2.5840,2.7035,2.5589,2.5533
1.6400,0.3666,2.5461,2.5367,0.0000,0.0000,2.3051,2.6944,2.8207,2.6772,2.6665
1.6500,0.4388,2.6606,2.6212,0.0000,0.0000,2.3769,2.7879,2.9202,2.7787,2.7629
1.6600,0.5083,2.6906,2.6892,0.0000,0.0000,2.4339,2.8639,3.0014,2.8626,2.8419
1.6700,0.5746,2.7714,2.7404,0.0000,0.0000,2.4757,2.9219,3.0637,2.9285,2.9030
1.6800,0.6373,2.7674,2.7744,0.0000,0.0000,2.5021,2.9616,3.1069,2.9760,2.9459
1.6900,0.6961,2.8133,2.7911,0.0000,0.0000,2.5129,2.9827,3.1305,3.0047,2.9702
1.7000,0.7505,2.7747,2.7903,0.0000,0.0000,2.5081,2.9850,3.1345,3.0146,2.9759
1.7100,0.8003,2.7854,2.7720,0.0000,0.0000,2.4877,2.9687,3.1189,3.0055,2.9628
1.7200,0.8451,2.7122,2.7363,0.0000,0.0000,2.4518,2.9338,3.0837,2.9774,2.9312
1.7300,0.8846,2.6884,2.6836,0.0000,0.0000,2.4006,2.8805,3.0291,2.9307,2.8811
1.7400,0.9186,2.5817,2.6140,0.0000,0.0000,2.3345,2.8092,2.9556,2.8655,2.8129
1.7500,0.9469,2.5246,2.5281,0.0000,0.0000,2.2539,2.7202,2.8635,2.7822,2.7270
1.7600,0.9693,2.3862,2.4263,0.0000,0.0000,2.1592,2.6142,2.7534,2.6815,2.6240
1.7700,0.9857,2.2981,2.3094,0.0000,0.0000,2.0511,2.4917,2.6261,2.5639,2.5045
1.7800,0.9959,2.1307,2.1779,0.0000,0.0000,1.9302,2.3536,2.4822,2.4301,2.3692
1.7900,0.9999,2.0147,2.0328,0.0000,0.0000,1.7973,2.2007,2.3228,2.2810,2.2190
1.8000,0.9977,1.8215,1.8750,0.0000,0.0000,1.6533,2.0340,2.1488,2.1176,2.0548
1.8100,0.9893,1.6813,1.7054,0.0000,0.0000,1.4989,1.8545,1.9612,1.9407,1.8777
1.8200,0.9748,1.4663,1.5251,0.0000,0.0000,1.3352,1.6634,1.7613,1.7517,1.6887
1.8300,0.9542,1.3062,1.3353,0.0000,0.0000,1.1632,1.4617,1.5504,1.5515,1.4890
1.8400,0.9276,1.0741,1.1370,0.0000,0.0000,0.9840,1.2509,1.3296,1.3415,1.2799
1.8500,0.8953,0.8987,0.9316,0.0000,0.0000,0.7986,1.0321,1.1004,1.1229,1.0627
1.8600,0.8574,0.6544,0.7202,0.0000,0.0000,0.6083,0.8068,0.8642,0.8972,0.8387
1.8700,0.8141,0.4691,0.5043,0.0000,0.0000,0.4142,0.5763,0.6225,0.6658,0.6093
1.8800,0.7658,0.2179,0.2852,0.0000,0.0000,0.2175,0.3421,0.3769,0.4300,0.3760
1.8900,0.7127,0.0279,0.0642,0.0000,0.0000,0.0194,0.1057,0.1287,0.1913,0.1402
1.9000,0.6552,-0.2248,-0.1573,0.0000,0.0000,-0.1788,-0.1315,-0.1204,-0.0487,-0.0967
1.9100,0.5936,-0.4139,-0.3778,0.0000,0.0000,-0.3758,-0.3677,-0.3689,-0.2885,-0.3331
1.9200,0.5283,-0.6624,-0.5962,0.0000,0.0000,-0.5705,-0.6018,-0.6152,-0.5268,-0.5676
1.9300,0.4597,-0.8452,-0.8108,0.0000,0.0000,-0.7617,-0.8322,-0.8578,-0.7619,-0.7987
1.9400,0.3883,-1.0843,-1.0206,0.0000,0.0000,-0.9481,-1.0576,-1.0952,-0.9924,-1.0250
1.9500,0.3145,-1.2554,-1.2240,0.0000,0.0000,-1.1287,-1.2765,-1.3259,-1.2170,-1.2450
1.9600,0.2386,-1.4798,-1.4199,0.0000,0.0000,-1.3022,-1.4875,-1.5484,-1.4341,-1.4575
1.9700,0.1613,-1.6342,-1.6071,0.0000,0.0000,-1.4676,-1.6894,-1.7615,-1.6424,-1.6610
1.9800,0.0830,-1.8392,-1.7843,0.0000,0.0000,-1.6238,-1.8809,-1.9636,-1.8407,-1.8543
1.9900,0.0042,-1.9722,-1.9505,0.0000,0.0000,-1.7700,-2.0608,-2.1537,-2.0277,-2.0362
2.0000,-0.0746,-2.1534,-2.1047,0.0000,0.0000,-1.9051,-2.2280,-2.3305,-2.2023,-2.2057
2.0100,-0.1530,-2.2611,-2.2458,0.0000,0.0000,-2.0284,-2.3814,-2.4929,-2.3633,-2.3615
2.0200,-0.2304,-2.4147,-2.3730,0.0000,0.0000,-2.1391,-2.5200,-2.6399,-2.5097,-2.5027
2.0300,-0.3064,-2.4936,-2.4856,0.0000,0.0000,-2.2364,-2.6431,-2.7706,-2.6407,-2.6286
2.0400,-0.3805,-2.6166,-2.5827,0.0000,0.0000,-2.3198,-2.7498,-2.8841,-2.7554,-2.7382
2.0500,-0.4522,-2.6640,-2.6639,0.0000,0.0000,-2.3888,-2.8395,-2.9799,-2.8531,-2.8309
2.0600,-0.5211,-2.7540,-2.7285,0.0000,0.0000,-2.4429,-2.9116,-3.0572,-2.9331,-2.9061
2.0700,-0.5868,-2.7680,-2.7762,0.0000,0.0000,-2.4819,-2.9657,-3.1155,-2.9951,-2.9634
2.0800,-0.6488,-2.8235,-2.8068,0.0000,0.0000,-2.5053,-3.0014,-3.1546,-3.0386,-3.0023
2.0900,-0.7068,-2.8030,-2.8199,0.0000,0.0000,-2.5132,-3.0185,-3.1742,-3.0633,-3.0227
2.1000,-0.7603,-2.8234,-2.8156,0.0000,0.0000,-2.5054,-3.0169,-3.1741,-3.0691,-3.0245
2.1100,-0.8092,-2.7682,-2.7938,0.0000,0.0000,-2.4821,-2.9966,-3.1544,-3.0560,-3.0075
2.1200,-0.8530,-2.7537,-2.7547,0.0000,0.0000,-2.4432,-2.9577,-3.1152,-3.0240,-2.9720
2.1300,-0.8915,-2.6644,-2.6985,0.0000,0.0000,-2.3892,-2.9005,-3.0566,-2.9733,-2.9181
2.1400,-0.9244,-2.6161,-2.6256,0.0000,0.0000,-2.3203,-2.8253,-2.9792,-2.9042,-2.8461
2.1500,-0.9516,-2.4942,-2.5364,0.0000,0.0000,-2.2370,-2.7325,-2.8833,-2.8172,-2.7566
2.1600,-0.9729,-2.4139,-2.4315,0.0000,0.0000,-2.1397,-2.6229,-2.7696,-2.7128,-2.6500
2.1700,-0.9881,-2.2618,-2.3115,0.0000,0.0000,-2.0292,-2.4970,-2.6387,-2.5917,-2.5271
2.1800,-0.9971,-2.1524,-2.1773,0.0000,0.0000,-1.9060,-2.3556,-2.4916,-2.4546,-2.3886
2.1900,-1.0000,-1.9730,-2.0295,0.0000,0.0000,-1.7709,-2.1996,-2.3290,-2.3023,-2.2353
2.2000,-0.9966,-1.8378,-1.8692,0.0000,0.0000,-1.6248,-2.0300,-2.1520,-2.1359,-2.0683
2.2100,-0.9871,-1.6350,-1.6973,0.0000,0.0000,-1.4686,-1.8478,-1.9618,-1.9563,-1.8885
2.2200,-0.9713,-1.4781,-1.5149,0.0000,0.0000,-1.3033,-1.6542,-1.7594,-1.7646,-1.6971
2.2300,-0.9496,-1.2562,-1.3232,0.0000,0.0000,-1.1298,-1.4503,-1.5462,-1.5622,-1.4952
2.2400,-0.9219,-1.0821,-1.1233,0.0000,0.0000,-0.9493,-1.2375,-1.3234,-1.3501,-1.2842
2.2500,-0.8885,-0.8459,-0.9164,0.0000,0.0000,-0.7629,-1.0170,-1.0925,-1.1297,-1.0653
2.2600,-0.8496,-0.6598,-0.7039,0.0000,0.0000,-0.5718,-0.7902,-0.8549,-0.9025,-0.8399
2.2700,-0.8053,-0.4145,-0.4872,0.0000,0.0000,-0.3771,-0.5586,-0.6121,-0.6698,-0.6093
2.2800,-0.7561,-0.2216,-0.2674,0.0000,0.0000,-0.1800,-0.3235,-0.3655,-0.4330,-0.3751
2.2900,-0.7022,0.0274,-0.0460,0.0000,0.0000,0.0181,-0.0865,-0.1168,-0.1937,-0.1387
2.3000,-0.6438,0.2217,0.1755,0.0000,0.0000,0.2162,0.1510,0.1326,0.0467,0.0984
2.3100,-0.5815,0.4689,0.3960,0.0000,0.0000,0.4129,0.3875,0.3810,0.2867,0.3348
2.3200,-0.5156,0.6589,0.6139,0.0000,0.0000,0.6070,0.6216,0.6270,0.5247,0.5691
2.3300,-0.4464,0.8989,0.8279,0.0000,0.0000,0.7974,0.8517,0.8690,0.7594,0.7997
2.3400,-0.3745,1.0793,1.0367,0.0000,0.0000,0.9828,1.0766,1.1055,0.9892,1.0252
2.3500,-0.3002,1.3067,1.2390,0.0000,0.0000,1.1621,1.2946,1.3350,1.2127,1.2443
2.3600,-0.2241,1.4724,1.4335,0.0000,0.0000,1.3341,1.5046,1.5561,1.4286,1.4554
2.3700,-0.1466,1.6822,1.6190,0.0000,0.0000,1.4979,1.7052,1.7674,1.6354,1.6574
2.3800,-0.0682,1.8284,1.7944,0.0000,0.0000,1.6523,1.8951,1.9676,1.8319,1.8490
2.3900,0.0107,2.0161,1.9585,0.0000,0.0000,1.7964,2.0732,2.1556,2.0169,2.0289
2.4000,0.0895,2.1385,2.1104,0.0000,0.0000,1.9294,2.2383,2.3300,2.1892,2.1961
2.4100,0.1677,2.3001,2.2491,0.0000,0.0000,2.0504,2.3895,2.4898,2.3478,2.3495
2.4200,0.2449,2.3950,2.3738,0.0000,0.0000,2.1585,2.5258,2.6340,2.4916,2.4882
2.4300,0.3206,2.5272,2.4836,0.0000,0.0000,2.2533,2.6463,2.7617,2.6198,2.6113
2.4400,0.3943,2.5915,2.5779,0.0000,0.0000,2.3340,2.7503,2.8722,2.7316,2.7180
2.4500,0.4655,2.6916,2.6561,0.0000,0.0000,2.4002,2.8372,2.9647,2.8262,2.8077
2.4600,0.5338,2.7231,2.7177,0.0000,0.0000,2.4515,2.9063,3.0387,2.9032,2.8798
2.4700,0.5988,2.7893,2.7624,0.0000,0.0000,2.4875,2.9574,3.0936,2.9619,2.9339
2.4800,0.6601,2.7866,2.7898,0.0000,0.0000,2.5080,2.9900,3.1293,3.0021,2.9696
2.4900,0.7172,2.8178,2.7997,0.0000,0.0000,2.5129,3.0040,3.1454,3.0235,2.9867
2.5000,0.7699,2.7804,2.7922,0.0000,0.0000,2.5022,2.9993,3.1418,3.0259,2.9851
2.5100,0.8179,2.7765,2.7673,0.0000,0.0000,2.4759,2.9758,3.1185,3.0094,2.9649
2.5200,0.8607,2.7046,2.7250,0.0000,0.0000,2.4342,2.9338,3.0758,2.9740,2.9261
2.5300,0.8981,2.6664,2.6658,0.0000,0.0000,2.3773,2.8736,3.0139,2.9200,2.8689
2.5400,0.9300,2.5612,2.5899,0.0000,0.0000,2.3056,2.7954,2.9331,2.8477,2.7939
2.5500,0.9561,2.4903,2.4978,0.0000,0.0000,2.2196,2.6998,2.8340,2.7576,2.7013
2.5600,0.9762,2.3537,2.3901,0.0000,0.0000,2.1198,2.5874,2.7171,2.6503,2.5918
2.5700,0.9903,2.2524,2.2675,0.0000,0.0000,2.0068,2.4588,2.5833,2.5263,2.4661
2.5800,0.9982,2.0873,2.1308,0.0000,0.0000,1.8813,2.3150,2.4333,2.3865,2.3249
2.5900,0.9998,1.9587,1.9807,0.0000,0.0000,1.7441,2.1567,2.2682,2.2317,2.1692
2.6000,0.9953,1.7685,1.8182,0.0000,0.0000,1.5960,1.9849,2.0888,2.0630,1.9998
2.6100,0.9846,1.6166,1.6444,0.0000,0.0000,1.4380,1.8008,1.8963,1.8812,1.8180
2.6200,0.9677,1.4054,1.4603,0.0000,0.0000,1.2710,1.6055,1.6920,1.6877,1.6247
2.6300,0.9448,1.2345,1.2670,0.0000,0.0000,1.0962,1.4001,1.4770,1.4835,1.4212
2.6400,0.9160,1.0070,1.0658,0.0000,0.0000,0.9145,1.1860,1.2528,1.2700,1.2087
2.6500,0.8816,0.8219,0.8579,0.0000,0.0000,0.7271,0.9645,1.0207,1.0485,0.9887
2.6600,0.8416,0.5831,0.6446,0.0000,0.0000,0.5352,0.7370,0.7821,0.8203,0.7624
2.6700,0.7964,0.3891,0.4273,0.0000,0.0000,0.3399,0.5049,0.5387,0.5870,0.5312
2.6800,0.7462,0.1444,0.2072,0.0000,0.0000,0.1426,0.2696,0.2918,0.3498,0.2967
2.6900,0.6914,-0.0532,-0.0142,0.0000,0.0000,-0.0557,0.0327,0.0430,0.1104,0.0602
2.7000,0.6323,-0.2984,-0.2355,0.0000,0.0000,-0.2536,-0.2045,-0.2061,-0.1298,-0.1767
2.7100,0.5693,-0.4940,-0.4555,0.0000,0.0000,-0.4499,-0.4404,-0.4540,-0.3693,-0.4127
2.7200,0.5027,-0.7341,-0.6726,0.0000,0.0000,-0.6434,-0.6736,-0.6992,-0.6066,-0.6461
2.7300,0.4330,-0.9222,-0.8856,0.0000,0.0000,-0.8329,-0.9026,-0.9401,-0.8403,-0.8757
2.7400,0.3606,-1.1519,-1.0932,0.0000,0.0000,-1.0172,-1.1260,-1.1752,-1.0688,-1.0998
2.7500,0.2860,-1.3274,-1.2940,0.0000,0.0000,-1.1952,-1.3424,-1.4031,-1.2908,-1.3172
2.7600,0.2095,-1.5415,-1.4868,0.0000,0.0000,-1.3658,-1.5505,-1.6223,-1.5048,-1.5265
2.7700,0.1318,-1.6993,-1.6704,0.0000,0.0000,-1.5279,-1.7489,-1.8314,-1.7096,-1.7264
2.7800,0.0532,-1.8931,-1.8436,0.0000,0.0000,-1.6804,-1.9365,-2.0293,-1.9038,-1.9157
2.7900,-0.0256,-2.0288,-2.0054,0.0000,0.0000,-1.8225,-2.1120,-2.2146,-2.0863,-2.0931
2.8000,-0.1044,-2.1981,-2.1548,0.0000,0.0000,-1.9532,-2.2744,-2.3861,-2.2559,-2.2575
2.8100,-0.1824,-2.3076,-2.2908,0.0000,0.0000,-2.0718,-2.4226,-2.5429,-2.4116,-2.4080
2.8200,-0.2594,-2.4488,-2.4127,0.0000,0.0000,-2.1775,-2.5557,-2.6839,-2.5524,-2.5436
2.8300,-0.3347,-2.5289,-2.5195,0.0000,0.0000,-2.2697,-2.6730,-2.8083,-2.6773,-2.6634
2.8400,-0.4080,-2.6389,-2.6107,0.0000,0.0000,-2.3477,-2.7736,-2.9153,-2.7857,-2.7668
2.8500,-0.4787,-2.6871,-2.6857,0.0000,0.0000,-2.4111,-2.8570,-3.0042,-2.8769,-2.8530
2.8600,-0.5464,-2.7639,-2.7440,0.0000,0.0000,-2.4595,-2.9226,-3.0745,-2.9502,-2.9215
2.8700,-0.6107,-2.7782,-2.7853,0.0000,0.0000,-2.4926,-2.9701,-3.1257,-3.0053,-2.9719
2.8800,-0.6712,-2.8205,-2.8093,0.0000,0.0000,-2.5101,-2.9990,-3.1575,-3.0418,-3.0040
2.8900,-0.7276,-2.8002,-2.8159,0.0000,0.0000,-2.5121,-3.0093,-3.1697,-3.0594,-3.0174
2.9000,-0.7794,-2.8073,-2.8050,0.0000,0.0000,-2.4984,-3.0009,-3.1623,-3.0581,-3.0121
2.9100,-0.8264,-2.7523,-2.7766,0.0000,0.0000,-2.4692,-2.9738,-3.1352,-3.0379,-2.9881
2.9200,-0.8682,-2.7247,-2.7311,0.0000,0.0000,-2.4246,-2.9281,-3.0887,-2.9988,-2.9456
2.9300,-0.9046,-2.6357,-2.6686,0.0000,0.0000,-2.3649,-2.8643,-3.0230,-2.9411,-2.8849
2.9400,-0.9354,-2.5747,-2.5895,0.0000,0.0000,-2.2905,-2.7827,-2.9386,-2.8653,-2.8063
2.9500,-0.9604,-2.4535,-2.4943,0.0000,0.0000,-2.2018,-2.6837,-2.8359,-2.7717,-2.7103
2.9600,-0.9793,-2.3610,-2.3837,0.0000,0.0000,-2.0994,-2.5680,-2.7157,-2.6609,-2.5975
2.9700,-0.9922,-2.2101,-2.2583,0.0000,0.0000,-1.9840,-2.4364,-2.5786,-2.5337,-2.4686
2.9800,-0.9990,-2.0890,-2.1188,0.0000,0.0000,-1.8562,-2.2896,-2.4255,-2.3908,-2.3245
2.9900,-0.9995,-1.9115,-1.9662,0.0000,0.0000,-1.7168,-2.1286,-2.2574,-2.2331,-2.1659
3.0000,-0.9937,-1.7654,-1.8014,0.0000,0.0000,-1.5668,-1.9543,-2.0753,-2.0616,-1.9940
3.0100,-0.9818,-1.5651,-1.6255,0.0000,0.0000,-1.4070,-1.7678,-1.8804,-1.8773,-1.8097
3.0200,-0.9638,-1.3982,-1.4395,0.0000,0.0000,-1.2385,-1.5704,-1.6738,-1.6815,-1.6142
3.0300,-0.9398,-1.1797,-1.2445,0.0000,0.0000,-1.0623,-1.3632,-1.4569,-1.4753,-1.4087
3.0400,-0.9099,-0.9967,-1.0419,0.0000,0.0000,-0.8794,-1.1475,-1.2309,-1.2599,-1.1946
3.0500,-0.8744,-0.7647,-0.8328,0.0000,0.0000,-0.6911,-0.9247,-0.9974,-1.0368,-0.9731
3.0600,-0.8334,-0.5706,-0.6186,0.0000,0.0000,-0.4984,-0.6961,-0.7577,-0.8074,-0.7456
3.0700,-0.7873,-0.3306,-0.4005,0.0000,0.0000,-0.3027,-0.4632,-0.5133,-0.5730,-0.5136
3.0800,-0.7362,-0.1307,-0.1800,0.0000,0.0000,-0.1051,-0.2274,-0.2658,-0.3351,-0.2784
3.0900,-0.6806,0.1121,0.0415,0.0000,0.0000,0.0932,0.0098,-0.0167,-0.0953,-0.0416
3.1000,-0.6207,0.3121,0.2628,0.0000,0.0000,0.2909,0.2469,0.2324,0.1451,0.1954
3.1100,-0.5570,0.5521,0.4824,0.0000,0.0000,0.4868,0.4825,0.4800,0.3845,0.4312
3.1200,-0.4898,0.7469,0.6990,0.0000,0.0000,0.6796,0.7151,0.7246,0.6214,0.6641
3.1300,-0.4195,0.9786,0.9111,0.0000,0.0000,0.8682,0.9433,0.9646,0.8544,0.8929
3.1400,-0.3466,1.1628,1.1176,0.0000,0.0000,1.0515,1.1655,1.1986,1.0820,1.1160
3.1500,-0.2716,1.3810,1.3170,0.0000,0.0000,1.2281,1.3805,1.4250,1.3027,1.3321
3.1600,-0.1949,1.5494,1.5082,0.0000,0.0000,1.3972,1.5869,1.6425,1.5153,1.5399
3.1700,-0.1170,1.7493,1.6900,0.0000,0.0000,1.5575,1.7835,1.8497,1.7183,1.7380
3.1800,-0.0383,1.8973,1.8612,0.0000,0.0000,1.7081,1.9689,2.0454,1.9106,1.9252
3.1900,0.0406,2.0743,2.0209,0.0000,0.0000,1.8481,2.1420,2.2283,2.0909,2.1003
3.2000,0.1192,2.1977,2.1678,0.0000,0.0000,1.9766,2.3019,2.3972,2.2581,2.2624
3.2100,0.1971,2.3479,2.3013,0.0000,0.0000,2.0928,2.4474,2.5512,2.4112,2.4102
3.2200,0.2738,2.4432,2.4204,0.0000,0.0000,2.1960,2.5776,2.6892,2.5492,2.5430
3.2300,0.3487,2.5634,2.5244,0.0000,0.0000,2.2855,2.6919,2.8105,2.6712,2.6599
3.2400,0.4215,2.6276,2.6126,0.0000,0.0000,2.3608,2.7893,2.9142,2.7766,2.7602
3.2500,0.4917,2.7154,2.6846,0.0000,0.0000,2.4214,2.8694,2.9997,2.8646,2.8432
3.2600,0.5588,2.7464,2.7398,0.0000,0.0000,2.4669,2.9317,3.0665,2.9347,2.9084
3.2700,0.6225,2.8001,2.7779,0.0000,0.0000,2.4971,2.9757,3.1141,2.9864,2.9555
3.2800,0.6822,2.7967,2.7987,0.0000,0.0000,2.5117,3.0011,3.1423,3.0195,2.9842
3.2900,0.7377,2.8154,2.8020,0.0000,0.0000,2.5107,3.0079,3.1509,3.0337,2.9941
3.3000,0.7887,2.7772,2.7878,0.0000,0.0000,2.4941,2.9960,3.1399,3.0289,2.9854
3.3100,0.8347,2.7609,2.7563,0.0000,0.0000,2.4619,2.9654,3.1092,3.0052,2.9580
3.3200,0.8755,2.6883,2.7075,0.0000,0.0000,2.4144,2.9164,3.0591,2.9628,2.9122
3.3300,0.9109,2.6380,2.6419,0.0000,0.0000,2.3519,2.8492,2.9900,2.9018,2.8482
3.3400,0.9406,2.5323,2.5598,0.0000,0.0000,2.2747,2.7643,2.9022,2.8227,2.7663
3.3500,0.9644,2.4497,2.4617,0.0000,0.0000,2.1834,2.6621,2.7962,2.7259,2.6672
3.3600,0.9823,2.3131,2.3483,0.0000,0.0000,2.0785,2.5434,2.6728,2.6122,2.5514
3.3700,0.9940,2.2007,2.2202,0.0000,0.0000,1.9607,2.4089,2.5328,2.4820,2.4197
3.3800,0.9995,2.0362,2.0783,0.0000,0.0000,1.8307,2.2593,2.3769,2.3364,2.2728
3.3900,0.9988,1.8972,1.9234,0.0000,0.0000,1.6892,2.0957,2.2061,2.1761,2.1118
3.4000,0.9920,1.7083,1.7565,0.0000,0.0000,1.5373,1.9191,2.0216,2.0023,1.9375
3.4100,0.9789,1.5468,1.5786,0.0000,0.0000,1.3758,1.7305,1.8245,1.8159,1.7511
3.4200,0.9597,1.3377,1.3908,0.0000,0.0000,1.2057,1.5312,1.6159,1.6181,1.5537
3.4300,0.9346,1.1581,1.1944,0.0000,0.0000,1.0281,1.3223,1.3972,1.4102,1.3466
3.4400,0.9036,0.9336,0.9905,0.0000,0.0000,0.8441,1.1052,1.1698,1.1934,1.1311
3.4500,0.8671,0.7408,0.7804,0.0000,0.0000,0.6549,0.8812,0.9351,0.9691,0.9085
3.4600,0.8251,0.5060,0.5654,0.0000,0.0000,0.4616,0.6517,0.6945,0.7388,0.6801
3.4700,0.7780,0.3053,0.3468,0.0000,0.0000,0.2654,0.4181,0.4495,0.5037,0.4474
3.4800,0.7260,0.0656,0.1261,0.0000,0.0000,0.0676,0.1820,0.2017,0.2655,0.2119
3.4900,0.6696,-0.1376,-0.0955,0.0000,0.0000,-0.1307,-0.0553,-0.0475,0.0255,-0.0250
3.5000,0.6089,-0.3767,-0.3165,0.0000,0.0000,-0.3281,-0.2922,-0.2964,-0.2147,-0.2617
3.5100,0.5445,-0.5768,-0.5356,0.0000,0.0000,-0.5235,-0.5274,-0.5435,-0.4536,-0.4970
3.5200,0.4767,-0.8100,-0.7513,0.0000,0.0000,-0.7157,-0.7592,-0.7872,-0.6897,-0.7292
3.5300,0.4059,-1.0016,-0.9624,0.0000,0.0000,-0.9034,-0.9863,-1.0261,-0.9217,-0.9569
3.5400,0.3326,-1.2233,-1.1676,0.0000,0.0000,-1.0854,-1.2073,-1.2587,-1.1479,-1.1787
3.5500,0.2572,-1.4012,-1.3656,0.0000,0.0000,-1.2607,-1.4207,-1.4835,-1.3671,-1.3933
3.5600,0.1802,-1.6065,-1.5550,0.0000,0.0000,-1.4282,-1.6253,-1.6990,-1.5779,-1.5992
3.5700,0.1021,-1.7658,-1.7348,0.0000,0.0000,-1.5868,-1.8199,-1.9041,-1.7789,-1.7952
3.5800,0.0234,-1.9500,-1.9039,0.0000,0.0000,-1.7355,-2.0030,-2.0974,-1.9689,-1.9802
3.5900,-0.0555,-2.0863,-2.0611,0.0000,0.0000,-1.8734,-2.1737,-2.2776,-2.1466,-2.1529
3.6000,-0.1340,-2.2453,-2.2056,0.0000,0.0000,-1.9996,-2.3309,-2.4437,-2.3112,-2.3122
3.6100,-0.2117,-2.3548,-2.3363,0.0000,0.0000,-2.1134,-2.4736,-2.5947,-2.4613,-2.4572
3.6200,-0.2881,-2.4850,-2.4526,0.0000,0.0000,-2.2140,-2.6009,-2.7295,-2.5963,-2.5869
3.6300,-0.3627,-2.5645,-2.5536,0.0000,0.0000,-2.3009,-2.7120,-2.8474,-2.7151,-2.7007
3.6400,-0.4350,-2.6633,-2.6387,0.0000,0.0000,-2.3734,-2.8062,-2.9475,-2.8171,-2.7976
3.6500,-0.5047,-2.7103,-2.7075,0.0000,0.0000,-2.4312,-2.8829,-3.0294,-2.9016,-2.8773
3.6600,-0.5712,-2.7755,-2.7594,0.0000,0.0000,-2.4738,-2.9417,-3.0925,-2.9682,-2.9390
3.6700,-0.6341,-2.7885,-2.7942,0.0000,0.0000,-2.5010,-2.9822,-3.1364,-3.0163,-2.9826
3.6800,-0.6931,-2.8190,-2.8117,0.0000,0.0000,-2.5127,-3.0041,-3.1608,-3.0457,-3.0076
3.6900,-0.7477,-2.7973,-2.8116,0.0000,0.0000,-2.5087,-3.0074,-3.1655,-3.0562,-3.0140
3.7000,-0.7978,-2.7927,-2.7941,0.0000,0.0000,-2.4892,-2.9919,-3.1506,-3.0478,-3.0016
3.7100,-0.8428,-2.7363,-2.7592,0.0000,0.0000,-2.4541,-2.9578,-3.1161,-3.0204,-2.9707
3.7200,-0.8826,-2.6972,-2.7072,0.0000,0.0000,-2.4037,-2.9053,-3.0623,-2.9743,-2.9213
3.7300,-0.9169,-2.6070,-2.6384,0.0000,0.0000,-2.3384,-2.8347,-2.9895,-2.9098,-2.8538
3.7400,-0.9455,-2.5348,-2.5532,0.0000,0.0000,-2.2585,-2.7464,-2.8981,-2.8272,-2.7686
3.7500,-0.9682,-2.4128,-2.4521,0.0000,0.0000,-2.1646,-2.6411,-2.7887,-2.7271,-2.6662
3.7600,-0.9849,-2.3097,-2.3358,0.0000,0.0000,-2.0572,-2.5193,-2.6619,-2.6100,-2.5473
3.7700,-0.9955,-2.1585,-2.2050,0.0000,0.0000,-1.9370,-2.3819,-2.5187,-2.4768,-2.4125
3.7800,-0.9999,-2.0275,-2.0605,0.0000,0.0000,-1.8047,-2.2296,-2.3598,-2.3282,-2.2628
3.7900,-0.9980,-1.8503,-1.9032,0.0000,0.0000,-1.6613,-2.0635,-2.1863,-2.1652,-2.0991
3.8000,-0.9899,-1.6950,-1.7341,0.0000,0.0000,-1.5074,-1.8845,-1.9992,-1.9888,-1.9224
3.8100,-0.9757,-1.4959,-1.5542,0.0000,0.0000,-1.3442,-1.6937,-1.7996,-1.8001,-1.7337
3.8200,-0.9554,-1.3207,-1.3647,0.0000,0.0000,-1.1726,-1.4925,-1.5890,-1.6002,-1.5343
3.8300,-0.9292,-1.1041,-1.1667,0.0000,0.0000,-0.9937,-1.2819,-1.3684,-1.3904,-1.3255
3.8400,-0.8971,-0.9137,-0.9615,0.0000,0.0000,-0.8087,-1.0634,-1.1394,-1.1720,-1.1084
3.8500,-0.8595,-0.6847,-0.7503,0.0000,0.0000,-0.6186,-0.8382,-0.9033,-0.9464,-0.8845
3.8600,-0.8166,-0.4843,-0.5345,0.0000,0.0000,-0.4246,-0.6079,-0.6617,-0.7150,-0.6551
3.8700,-0.7685,-0.2481,-0.3153,0.0000,0.0000,-0.2280,-0.3737,-0.4160,-0.4791,-0.4217
3.8800,-0.7157,-0.0430,-0.0943,0.0000,0.0000,-0.0300,-0.1372,-0.1677,-0.2404,-0.1858
3.8900,-0.6584,0.1948,0.1273,0.0000,0.0000,0.1682,0.1001,0.0816,-0.0002,0.0513
3.9000,-0.5970,0.3991,0.3481,0.0000,0.0000,0.3653,0.3368,0.3304,0.2400,0.2880
3.9100,-0.5319,0.6331,0.5667,0.0000,0.0000,0.5602,0.5714,0.5771,0.4786,0.5228
3.9200,-0.4635,0.8310,0.7817,0.0000,0.0000,0.7516,0.8025,0.8201,0.7141,0.7543
3.9300,-0.3922,1.0558,0.9918,0.0000,0.0000,0.9383,1.0285,1.0580,0.9452,0.9811
3.9400,-0.3185,1.2421,1.1958,0.0000,0.0000,1.1192,1.2482,1.2893,1.1703,1.2017
3.9500,-0.2427,1.4525,1.3922,0.0000,0.0000,1.2931,1.4601,1.5126,1.3881,1.4148
3.9600,-0.1655,1.6221,1.5800,0.0000,0.0000,1.4589,1.6629,1.7264,1.5972,1.6191
3.9700,-0.0873,1.8133,1.7579,0.0000,0.0000,1.6157,1.8553,1.9294,1.7962,1.8132
3.9800,-0.0085,1.9616,1.9249,0.0000,0.0000,1.7624,2.0362,2.1204,1.9841,1.9959
3.9900,0.0704,2.1291,2.0798,0.0000,0.0000,1.8982,2.2045,2.2981,2.1595,2.1662
4.0000,0.1488,2.2521,2.2218,0.0000,0.0000,2.0221,2.3590,2.4615,2.3215,2.3230
4.0100,0.2263,2.3922,2.3499,0.0000,0.0000,2.1335,2.4988,2.6096,2.4689,2.4652
4.0200,0.3024,2.4863,2.4633,0.0000,0.0000,2.2315,2.6231,2.7414,2.6009,2.5921
4.0300,0.3766,2.5960,2.5614,0.0000,0.0000,2.3157,2.7310,2.8561,2.7167,2.7027
4.0400,0.4484,2.6586,2.6435,0.0000,0.0000,2.3855,2.8220,2.9530,2.8155,2.7965
4.0500,0.5175,2.7355,2.7091,0.0000,0.0000,2.4404,2.8954,3.0315,2.8968,2.8729
4.0600,0.5834,2.7646,2.7579,0.0000,0.0000,2.4802,2.9507,3.0911,2.9599,2.9313
4.0700,0.6456,2.8071,2.7895,0.0000,0.0000,2.5045,2.9877,3.1314,3.0046,2.9714
4.0800,0.7038,2.8017,2.8036,0.0000,0.0000,2.5132,3.0061,3.1522,3.0305,2.9930
4.0900,0.7576,2.8092,2.8003,0.0000,0.0000,2.5062,3.0058,3.1534,3.0375,2.9959
4.1000,0.8067,2.7689,2.7795,0.0000,0.0000,2.4837,2.9868,3.1349,3.0255,2.9801
4.1100,0.8508,2.7416,2.7415,0.0000,0.0000,2.4457,2.9492,3.0969,2.9947,2.9457
4.1200,0.8895,2.6671,2.6863,0.0000,0.0000,2.3925,2.8932,3.0395,2.9452,2.8929
4.1300,0.9228,2.6060,2.6143,0.0000,0.0000,2.3244,2.8193,2.9633,2.8772,2.8220
4.1400,0.9503,2.4987,2.5261,0.0000,0.0000,2.2418,2.7278,2.8685,2.7914,2.7336
4.1500,0.9719,2.4058,2.4221,0.0000,0.0000,2.1453,2.6193,2.7559,2.6880,2.6281
4.1600,0.9874,2.2681,2.3031,0.0000,0.0000,2.0354,2.4945,2.6261,2.5680,2.5061
4.1700,0.9968,2.1460,2.1696,0.0000,0.0000,1.9129,2.3541,2.4799,2.4318,2.3686
4.1800,1.0000,1.9809,2.0227,0.0000,0.0000,1.7784,2.1992,2.3183,2.2805,2.2162
4.1900,0.9970,1.8330,1.8631,0.0000,0.0000,1.6329,2.0305,2.1423,2.1150,2.0500
4.2000,0.9877,1.6442,1.6919,0.0000,0.0000,1.4772,1.8492,1.9528,1.9362,1.8710
4.2100,0.9723,1.4746,1.5101,0.0000,0.0000,1.3123,1.6564,1.7512,1.7453,1.6803
4.2200,0.9509,1.2665,1.3189,0.0000,0.0000,1.1393,1.4533,1.5387,1.5435,1.4791
4.2300,0.9235,1.0797,1.1195,0.0000,0.0000,0.9592,1.2411,1.3165,1.3321,1.2687
4.2400,0.8904,0.8571,0.9131,0.0000,0.0000,0.7730,1.0212,1.0862,1.1123,1.0503
4.2500,0.8518,0.6582,0.7010,0.0000,0.0000,0.5821,0.7950,0.8491,0.8855,0.8253
4.2600,0.8078,0.4263,0.4845,0.0000,0.0000,0.3876,0.5638,0.6066,0.6532,0.5951
4.2700,0.7589,0.2204,0.2649,0.0000,0.0000,0.1906,0.3291,0.3604,0.4167,0.3612
4.2800,0.7052,-0.0154,0.0437,0.0000,0.0000,-0.0075,0.0923,0.1119,0.1776,0.1250
4.2900,0.6471,-0.2226,-0.1778,0.0000,0.0000,-0.2056,-0.1450,-0.1373,-0.0626,-0.1120
4.3000,0.5850,-0.4569,-0.3983,0.0000,0.0000,-0.4024,-0.3814,-0.3857,-0.3025,-0.3484
4.3100,0.5192,-0.6600,-0.6163,0.0000,0.0000,-0.5967,-0.6155,-0.6317,-0.5406,-0.5826
4.3200,0.4502,-0.8872,-0.8305,0.0000,0.0000,-0.7873,-0.8457,-0.8738,-0.7754,-0.8133
4.3300,0.3784,-1.0808,-1.0395,0.0000,0.0000,-0.9730,-1.0707,-1.1104,-1.0053,-1.0390
4.3400,0.3043,-1.2956,-1.2421,0.0000,0.0000,-1.1527,-1.2890,-1.3402,-1.2291,-1.2582
4.3500,0.2282,-1.4745,-1.4370,0.0000,0.0000,-1.3251,-1.4992,-1.5617,-1.4453,-1.4697
4.3600,0.1508,-1.6721,-1.6229,0.0000,0.0000,-1.4893,-1.7002,-1.7734,-1.6525,-1.6720
4.3700,0.0724,-1.8314,-1.7988,0.0000,0.0000,-1.6443,-1.8905,-1.9741,-1.8495,-1.8640
4.3800,-0.0065,-2.0071,-1.9635,0.0000,0.0000,-1.7890,-2.0691,-2.1626,-2.0351,-2.0444
4.3900,-0.0853,-2.1427,-2.1160,0.0000,0.0000,-1.9226,-2.2348,-2.3376,-2.2080,-2.2122
4.4000,-0.1636,-2.2924,-2.2554,0.0000,0.0000,-2.0442,-2.3866,-2.4981,-2.3672,-2.3662
4.4100,-0.2408,-2.4005,-2.3808,0.0000,0.0000,-2.1531,-2.5236,-2.6431,-2.5117,-2.5055
4.4200,-0.3166,-2.5210,-2.4913,0.0000,0.0000,-2.2486,-2.6448,-2.7716,-2.6407,-2.6293
4.4300,-0.3904,-2.5985,-2.5864,0.0000,0.0000,-2.3301,-2.7496,-2.8829,-2.7532,-2.7368
4.4400,-0.4617,-2.6870,-2.6654,0.0000,0.0000,-2.3970,-2.8373,-2.9762,-2.8487,-2.8272
4.4500,-0.5302,-2.7317,-2.7278,0.0000,0.0000,-2.4491,-2.9073,-3.0511,-2.9265,-2.9002
4.4600,-0.5954,-2.7864,-2.7733,0.0000,0.0000,-2.4859,-2.9592,-3.1070,-2.9861,-2.9551
4.4700,-0.6569,-2.7969,-2.8016,0.0000,0.0000,-2.5073,-2.9927,-3.1435,-3.0272,-2.9916
4.4800,-0.7143,-2.8168,-2.8124,0.0000,0.0000,-2.5131,-3.0075,-3.1606,-3.0495,-3.0096
4.4900,-0.7672,-2.7924,-2.8058,0.0000,0.0000,-2.5032,-3.0037,-3.1579,-3.0529,-3.0089
4.5000,-0.8154,-2.7773,-2.7817,0.0000,0.0000,-2.4777,-2.9811,-3.1356,-3.0373,-2.9895
4.5100,-0.8585,-2.7183,-2.7403,0.0000,0.0000,-2.4368,-2.9400,-3.0938,-3.0028,-2.9516
4.5200,-0.8963,-2.6689,-2.6819,0.0000,0.0000,-2.3807,-2.8806,-3.0328,-2.9497,-2.8953
4.5300,-0.9284,-2.5765,-2.6068,0.0000,0.0000,-2.3099,-2.8033,-2.9529,-2.8783,-2.8210
4.5400,-0.9548,-2.4944,-2.5155,0.0000,0.0000,-2.2246,-2.7085,-2.8547,-2.7891,-2.7292
4.5500,-0.9753,-2.3705,-2.4086,0.0000,0.0000,-2.1255,-2.5969,-2.7387,-2.6825,-2.6205
4.5600,-0.9897,-2.2580,-2.2867,0.0000,0.0000,-2.0132,-2.4691,-2.6056,-2.5593,-2.4955
4.5700,-0.9979,-2.1054,-2.1507,0.0000,0.0000,-1.8883,-2.3259,-2.4564,-2.4201,-2.3550
4.5800,-0.9999,-1.9657,-2.0012,0.0000,0.0000,-1.7517,-2.1683,-2.2919,-2.2660,-2.1999
4.5900,-0.9957,-1.7878,-1.8393,0.0000,0.0000,-1.6042,-1.9971,-2.1131,-2.0978,-2.0311
4.6000,-0.9853,-1.6247,-1.6660,0.0000,0.0000,-1.4467,-1.8135,-1.9212,-1.9166,-1.8498
4.6100,-0.9687,-1.4257,-1.4823,0.0000,0.0000,-1.2802,-1.6187,-1.7173,-1.7235,-1.6570
4.6200,-0.9462,-1.2434,-1.2895,0.0000,0.0000,-1.1057,-1.4138,-1.5028,-1.5198,-1.4539
4.6300,-0.9177,-1.0279,-1.0886,0.0000,0.0000,-0.9244,-1.2000,-1.2789,-1.3066,-1.2417
4.6400,-0.8835,-0.8315,-0.8810,0.0000,0.0000,-0.7372,-0.9788,-1.0471,-1.0853,-1.0219
4.6500,-0.8439,-0.6044,-0.6679,0.0000,0.0000,-0.5455,-0.7515,-0.8088,-0.8574,-0.7958
4.6600,-0.7989,-0.3990,-0.4507,0.0000,0.0000,-0.3505,-0.5196,-0.5654,-0.6241,-0.5648
4.6700,-0.7491,-0.1658,-0.2307,0.0000,0.0000,-0.1532,-0.2844,-0.3186,-0.3870,-0.3303
4.6800,-0.6945,0.0433,-0.0093,0.0000,0.0000,0.0450,-0.0474,-0.0698,-0.1475,-0.0938
4.6900,-0.6356,0.2771,0.2122,0.0000,0.0000,0.2430,0.1899,0.1795,0.0928,0.1433
4.7000,-0.5728,0.4843,0.4323,0.0000,0.0000,0.4394,0.4260,0.4276,0.3325,0.3795
4.7100,-0.5064,0.7133,0.6497,0.0000,0.0000,0.6331,0.6594,0.6730,0.5701,0.6132
4.7200,-0.4368,0.9131,0.8630,0.0000,0.0000,0.8229,0.8887,0.9143,0.8041,0.8431
4.7300,-0.3646,1.1319,1.0709,0.0000,0.0000,1.0075,1.1125,1.1498,1.0331,1.0677
4.7400,-0.2900,1.3190,1.2722,0.0000,0.0000,1.1859,1.3294,1.3782,1.2556,1.2856
4.7500,-0.2137,1.5225,1.4655,0.0000,0.0000,1.3569,1.5380,1.5980,1.4702,1.4955
4.7600,-0.1360,1.6920,1.6497,0.0000,0.0000,1.5194,1.7370,1.8078,1.6756,1.6960
4.7700,-0.0575,1.8754,1.8235,0.0000,0.0000,1.6725,1.9253,2.0064,1.8706,1.8859
4.7800,0.0214,2.0228,1.9860,0.0000,0.0000,1.8152,2.1015,2.1924,2.0539,2.0641
4.7900,0.1002,2.1818,2.1362,0.0000,0.0000,1.9465,2.2647,2.3649,2.2243,2.2293
4.8000,0.1783,2.3031,2.2730,0.0000,0.0000,2.0658,2.4137,2.5225,2.3808,2.3807
4.8100,0.2553,2.4341,2.3956,0.0000,0.0000,2.1722,2.5477,2.6645,2.5225,2.5172
4.8200,0.3307,2.5260,2.5033,0.0000,0.0000,2.2651,2.6659,2.7899,2.6485,2.6380
4.8300,0.4041,2.6261,2.5954,0.0000,0.0000,2.3439,2.7675,2.8979,2.7579,2.7423
4.8400,0.4749,2.6860,2.6714,0.0000,0.0000,2.4081,2.8519,2.9879,2.8501,2.8296
4.8500,0.5428,2.7530,2.7306,0.0000,0.0000,2.4573,2.9185,3.0592,2.9245,2.8992
4.8600,0.6074,2.7791,2.7729,0.0000,0.0000,2.4912,2.9669,3.1115,2.9807,2.9507
4.8700,0.6681,2.8115,2.7979,0.0000,0.0000,2.5096,2.9969,3.1445,3.0183,2.9838
4.8800,0.7247,2.8029,2.8054,0.0000,0.0000,2.5124,3.0082,3.1578,3.0370,2.9983
4.8900,0.7767,2.8003,2.7955,0.0000,0.0000,2.4995,3.0008,3.1515,3.0369,2.9941
4.9000,0.8240,2.7569,2.7682,0.0000,0.0000,2.4711,2.9748,3.1256,3.0177,2.9712
4.9100,0.8661,2.7197,2.7236,0.0000,0.0000,2.4273,2.9302,3.0802,2.9798,2.9298
4.9200,0.9028,2.6423,2.6620,0.0000,0.0000,2.3684,2.8673,3.0156,2.9232,2.8701
4.9300,0.9339,2.5716,2.5838,0.0000,0.0000,2.2948,2.7867,2.9322,2.8484,2.7925
4.9400,0.9592,2.4617,2.4896,0.0000,0.0000,2.2069,2.6886,2.8306,2.7559,2.6975
4.9500,0.9785,2.3596,2.3798,0.0000,0.0000,2.1052,2.5739,2.7114,2.6461,2.5857
4.9600,0.9917,2.2199,2.2552,0.0000,0.0000,1.9905,2.4431,2.5752,2.5198,2.4577
4.9700,0.9987,2.0892,2.1165,0.0000,0.0000,1.8633,2.2971,2.4231,2.3778,2.3145
4.9800,0.9996,1.9227,1.9646,0.0000,0.0000,1.7246,2.1369,2.2558,2.2210,2.1567
4.9900,0.9942,1.7670,1.8005,0.0000,0.0000,1.5751,1.9633,2.0745,2.0503,1.9856
5.0000,0.9826,1.5776,1.6252,0.0000,0.0000,1.4158,1.7775,1.8803,1.8668,1.8020
5.0100,0.9649,1.4010,1.4397,0.0000,0.0000,1.2477,1.5806,1.6744,1.6716,1.6071
5.0200,0.9412,1.1931,1.2453,0.0000,0.0000,1.0719,1.3739,1.4581,1.4660,1.4023
5.0300,0.9117,1.0003,1.0430,0.0000,0.0000,0.8893,1.1587,1.2326,1.2512,1.1886
5.0400,0.8764,0.7789,0.8343,0.0000,0.0000,0.7013,0.9362,0.9995,1.0286,0.9676
5.0500,0.8358,0.5749,0.6204,0.0000,0.0000,0.5088,0.7079,0.7602,0.7996,0.7405
5.0600,0.7899,0.3451,0.4025,0.0000,0.0000,0.3132,0.4752,0.5161,0.5655,0.5087
5.0700,0.7391,0.1353,0.1822,0.0000,0.0000,0.1157,0.2396,0.2688,0.3279,0.2737
5.0800,0.6837,-0.0974,-0.0393,0.0000,0.0000,-0.0826,0.0025,0.0198,0.0881,0.0370
5.0900,0.6240,-0.3075,-0.2606,0.0000,0.0000,-0.2803,-0.2347,-0.2293,-0.1522,-0.2000
5.1000,0.5605,-0.5376,-0.4803,0.0000,0.0000,-0.4763,-0.4704,-0.4770,-0.3916,-0.4357
5.1100,0.4934,-0.7426,-0.6970,0.0000,0.0000,-0.6694,-0.7032,-0.7217,-0.6286,-0.6688
5.1200,0.4233,-0.9646,-0.9094,0.0000,0.0000,-0.8583,-0.9316,-0.9619,-0.8617,-0.8977
5.1300,0.3506,-1.1590,-1.1161,0.0000,0.0000,-1.0418,-1.1542,-1.1962,-1.0895,-1.1212
5.1400,0.2757,-1.3678,-1.3159,0.0000,0.0000,-1.2188,-1.3696,-1.4230,-1.3106,-1.3376
5.1500,0.1990,-1.5465,-1.5076,0.0000,0.0000,-1.3883,-1.5765,-1.6410,-1.5235,-1.5458
5.1600,0.1212,-1.7371,-1.6899,0.0000,0.0000,-1.5491,-1.7735,-1.8487,-1.7270,-1.7444
5.1700,0.0425,-1.8954,-1.8617,0.0000,0.0000,-1.7003,-1.9596,-2.0450,-1.9198,-1.9321
5.1800,-0.0363,-2.0633,-2.0219,0.0000,0.0000,-1.8409,-2.1334,-2.2285,-2.1007,-2.1079
5.1900,-0.1150,-2.1971,-2.1695,0.0000,0.0000,-1.9701,-2.2940,-2.3982,-2.2685,-2.2706
5.2000,-0.1930,-2.3384,-2.3037,0.0000,0.0000,-2.0869,-2.4403,-2.5529,-2.4223,-2.4191
5.2100,-0.2697,-2.4441,-2.4235,0.0000,0.0000,-2.1908,-2.5714,-2.6918,-2.5610,-2.5527
5.2200,-0.3448,-2.5555,-2.5283,0.0000,0.0000,-2.2811,-2.6864,-2.8139,-2.6839,-2.6704
5.2300,-0.4177,-2.6301,-2.6174,0.0000,0.0000,-2.3571,-2.7848,-2.9185,-2.7901,-2.7715
5.2400,-0.4880,-2.7093,-2.6902,0.0000,0.0000,-2.4185,-2.8659,-3.0050,-2.8789,-2.8554
5.2500,-0.5553,-2.7507,-2.7463,0.0000,0.0000,-2.4649,-2.9291,-3.0727,-2.9499,-2.9216
5.2600,-0.6191,-2.7958,-2.7852,0.0000,0.0000,-2.4959,-2.9740,-3.1213,-3.0025,-2.9696
5.2700,-0.6791,-2.8027,-2.8069,0.0000,0.0000,-2.5113,-3.0005,-3.1505,-3.0365,-2.9991
5.2800,-0.7349,-2.8129,-2.8111,0.0000,0.0000,-2.5111,-3.0083,-3.1601,-3.0516,-3.0101
5.2900,-0.7861,-2.7850,-2.7979,0.0000,0.0000,-2.4953,-2.9973,-3.1501,-3.0478,-3.0023
5.3000,-0.8323,-2.7603,-2.7672,0.0000,0.0000,-2.4640,-2.9677,-3.1204,-3.0251,-2.9759
5.3100,-0.8734,-2.6979,-2.7194,0.0000,0.0000,-2.4173,-2.9197,-3.0713,-2.9835,-2.9309
5.3200,-0.9091,-2.6391,-2.6546,0.0000,0.0000,-2.3556,-2.8534,-3.0031,-2.9235,-2.8678
5.3300,-0.9391,-2.5436,-2.5733,0.0000,0.0000,-2.2792,-2.7694,-2.9162,-2.8452,-2.7869
5.3400,-0.9633,-2.4525,-2.4761,0.0000,0.0000,-2.1887,-2.6682,-2.8112,-2.7493,-2.6886
5.3500,-0.9814,-2.3260,-2.3634,0.0000,0.0000,-2.0845,-2.5503,-2.6887,-2.6364,-2.5736
5.3600,-0.9935,-2.2051,-2.2361,0.0000,0.0000,-1.9673,-2.4166,-2.5494,-2.5070,-2.4427
5.3700,-0.9994,-2.0504,-2.0948,0.0000,0.0000,-1.8379,-2.2679,-2.3943,-2.3621,-2.2966
5.3800,-0.9990,-1.9030,-1.9405,0.0000,0.0000,-1.6971,-2.1050,-2.2243,-2.2025,-2.1362
5.3900,-0.9925,-1.7237,-1.7742,0.0000,0.0000,-1.5457,-1.9290,-2.0404,-2.0293,-1.9626
5.4000,-0.9797,-1.5537,-1.5969,0.0000,0.0000,-1.3847,-1.7410,-1.8439,-1.8435,-1.7767
5.4100,-0.9609,-1.3541,-1.4096,0.0000,0.0000,-1.2150,-1.5422,-1.6358,-1.6462,-1.5799
5.4200,-0.9361,-1.1659,-1.2135,0.0000,0.0000,-1.0378,-1.3338,-1.4176,-1.4387,-1.3732
5.4300,-0.9054,-0.9507,-1.0100,0.0000,0.0000,-0.8541,-1.1171,-1.1906,-1.2223,-1.1581
5.4400,-0.8692,-0.7492,-0.8001,0.0000,0.0000,-0.6651,-0.8934,-0.9562,-0.9983,-0.9357
5.4500,-0.8275,-0.5235,-0.5853,0.0000,0.0000,-0.4720,-0.6642,-0.7158,-0.7682,-0.7076
5.4600,-0.7806,-0.3141,-0.3669,0.0000,0.0000,-0.2760,-0.4308,-0.4710,-0.5333,-0.4751
5.4700,-0.7289,-0.0832,-0.1462,0.0000,0.0000,-0.0782,-0.1948,-0.2232,-0.2951,-0.2396
5.4800,-0.6727,0.1288,0.0754,0.0000,0.0000,0.1201,0.0425,0.0259,-0.0552,-0.0027
5.4900,-0.6123,0.3593,0.2965,0.0000,0.0000,0.3176,0.2795,0.2749,0.1851,0.2342
5.5000,-0.5480,0.5683,0.5157,0.0000,0.0000,0.5131,0.5147,0.5222,0.4242,0.4695
5.5100,-0.4804,0.7929,0.7317,0.0000,0.0000,0.7055,0.7468,0.7662,0.6606,0.7020
5.5200,-0.4098,0.9935,0.9432,0.0000,0.0000,0.8934,0.9742,1.0054,0.8929,0.9300
5.5300,-0.3366,1.2070,1.1487,0.0000,0.0000,1.0758,1.1955,1.2384,1.1196,1.1522
5.5400,-0.2613,1.3940,1.3471,0.0000,0.0000,1.2515,1.4094,1.4637,1.3392,1.3673
5.5500,-0.1844,1.5912,1.5371,0.0000,0.0000,1.4194,1.6146,1.6798,1.5505,1.5737
5.5600,-0.1063,1.7596,1.7175,0.0000,0.0000,1.5785,1.8096,1.8855,1.7521,1.7704
5.5700,-0.0276,1.9360,1.8872,0.0000,0.0000,1.7278,1.9934,2.0795,1.9428,1.9560
5.5800,0.0513,2.0815,2.0451,0.0000,0.0000,1.8663,2.1649,2.2605,2.1214,2.1294
5.5900,0.1298,2.2327,2.1903,0.0000,0.0000,1.9932,2.3228,2.4275,2.2867,2.2895
5.6000,0.2076,2.3514,2.3218,0.0000,0.0000,2.1076,2.4663,2.5793,2.4377,2.4353
5.6100,0.2841,2.4741,2.4389,0.0000,0.0000,2.2090,2.5944,2.7151,2.5735,2.5660
5.6200,0.3588,2.5628,2.5407,0.0000,0.0000,2.2966,2.7064,2.8339,2.6933,2.6806
5.6300,0.4312,2.6540,2.6268,0.0000,0.0000,2.3699,2.8015,2.9352,2.7963,2.7785
5.6400,0.5010,2.7104,2.6965,0.0000,0.0000,2.4285,2.8792,3.0181,2.8818,2.8591
5.6500,0.5677,2.7681,2.7493,0.0000,0.0000,2.4719,2.9390,3.0823,2.9494,2.9219
5.6600,0.6308,2.7904,2.7851,0.0000,0.0000,2.5000,2.9805,3.1273,2.9986,2.9665
5.6700,0.6900,2.8136,2.8035,0.0000,0.0000,2.5125,3.0034,3.1528,3.0290,2.9925
5.6800,0.7449,2.8010,2.8044,0.0000,0.0000,2.5094,3.0076,3.1587,3.0406,3.0000
5.6900,0.7952,2.7892,2.7879,0.0000,0.0000,2.4906,2.9932,3.1449,3.0333,2.9887
5.7000,0.8405,2.7419,2.7539,0.0000,0.0000,2.4563,2.9600,3.1116,3.0070,2.9587
5.7100,0.8806,2.6955,2.7029,0.0000,0.0000,2.4068,2.9085,3.0589,2.9620,2.9104
5.7200,0.9152,2.6145,2.6350,0.0000,0.0000,2.3423,2.8389,2.9871,2.8985,2.8439
5.7300,0.9441,2.5350,2.5506,0.0000,0.0000,2.2632,2.7516,2.8968,2.8169,2.7596
5.7400,0.9672,2.4219,2.4504,0.0000,0.0000,2.1700,2.6471,2.7884,2.7177,2.6582
5.7500,0.9842,2.3116,2.3350,0.0000,0.0000,2.0633,2.5262,2.6627,2.6016,2.5402
5.7600,0.9951,2.1691,2.2049,0.0000,0.0000,1.9438,2.3896,2.5204,2.4693,2.4063
5.7700,0.9998,2.0308,2.0611,0.0000,0.0000,1.8121,2.2381,2.3624,2.3216,2.2574
5.7800,0.9983,1.8622,1.9045,0.0000,0.0000,1.6692,2.0727,2.1896,2.1594,2.0945
5.7900,0.9905,1.6996,1.7360,0.0000,0.0000,1.5159,1.8943,2.0033,1.9837,1.9185
5.8000,0.9766,1.5090,1.5567,0.0000,0.0000,1.3532,1.7042,1.8045,1.7957,1.7305
5.8100,0.9567,1.3263,1.3677,0.0000,0.0000,1.1820,1.5035,1.5945,1.5964,1.5317
5.8200,0.9307,1.1181,1.1702,0.0000,0.0000,1.0035,1.2934,1.3745,1.3872,1.3233
5.8300,0.8990,0.9202,0.9653,0.0000,0.0000,0.8187,1.0752,1.1460,1.1693,1.1067
5.8400,0.8617,0.6993,0.7545,0.0000,0.0000,0.6289,0.8504,0.9103,0.9441,0.8832
5.8500,0.8190,0.4913,0.5389,0.0000,0.0000,0.4351,0.6203,0.6690,0.7129,0.6542
5.8600,0.7712,0.2630,0.3200,0.0000,0.0000,0.2386,0.3863,0.4235,0.4774,0.4210
5.8700,0.7186,0.0502,0.0990,0.0000,0.0000,0.0407,0.1499,0.1754,0.2388,0.1852
5.8800,0.6616,-0.1799,-0.1226,0.0000,0.0000,-0.1576,-0.0874,-0.0738,-0.0014,-0.0518
5.8900,0.6004,-0.3919,-0.3434,0.0000,0.0000,-0.3548,-0.3242,-0.3226,-0.2415,-0.2885
5.9000,0.5355,-0.6185,-0.5621,0.0000,0.0000,-0.5498,-0.5589,-0.5694,-0.4802,-0.5234
5.9100,0.4672,-0.8243,-0.7774,0.0000,0.0000,-0.7414,-0.7902,-0.8126,-0.7159,-0.7551
5.9200,0.3961,-1.0418,-0.9878,0.0000,0.0000,-0.9284,-1.0166,-1.0507,-0.9471,-0.9821
5.9300,0.3225,-1.2360,-1.1921,0.0000,0.0000,-1.1096,-1.2366,-1.2824,-1.1726,-1.2031
5.9400,0.2468,-1.4393,-1.3889,0.0000,0.0000,-1.2840,-1.4490,-1.5060,-1.3907,-1.4166
5.9500,0.1697,-1.6169,-1.5772,0.0000,0.0000,-1.4503,-1.6523,-1.7203,-1.6003,-1.6213
5.9600,0.0915,-1.8011,-1.7556,0.0000,0.0000,-1.6076,-1.8453,-1.9238,-1.7999,-1.8159
5.9700,0.0127,-1.9575,-1.9231,0.0000,0.0000,-1.7548,-2.0269,-2.1154,-1.9883,-1.9992
5.9800,-0.0662,-2.1183,-2.0787,0.0000,0.0000,-1.8912,-2.1958,-2.2938,-2.1644,-2.1702
5.9900,-0.1446,-2.2494,-2.2214,0.0000,0.0000,-2.0158,-2.3511,-2.4580,-2.3270,-2.3276
6.0000,-0.2222,-2.3829,-2.3502,0.0000,0.0000,-2.1278,-2.4917,-2.6068,-2.4752,-2.4707
6.0100,-0.2984,-2.4852,-2.4645,0.0000,0.0000,-2.2266,-2.6168,-2.7395,-2.6080,-2.5983
6.0200,-0.3727,-2.5884,-2.5634,0.0000,0.0000,-2.3116,-2.7257,-2.8550,-2.7247,-2.7098
6.0300,-0.4447,-2.6592,-2.6463,0.0000,0.0000,-2.3821,-2.8176,-2.9528,-2.8244,-2.8045
6.0400,-0.5139,-2.7296,-2.7128,0.0000,0.0000,-2.4379,-2.8919,-3.0323,-2.9065,-2.8817
6.0500,-0.5799,-2.7669,-2.7625,0.0000,0.0000,-2.4784,-2.9482,-3.0928,-2.9706,-2.9411
6.0600,-0.6423,-2.8031,-2.7949,0.0000,0.0000,-2.5035,-2.9862,-3.1341,-3.0162,-2.9821
6.0700,-0.7007,-2.8058,-2.8100,0.0000,0.0000,-2.5131,-3.0056,-3.1559,-3.0431,-3.0047
6.0800,-0.7548,-2.8070,-2.8076,0.0000,0.0000,-2.5070,-3.0063,-3.1581,-3.0511,-3.0085
6.0900,-0.8042,-2.7749,-2.7878,0.0000,0.0000,-2.4853,-2.9883,-3.1406,-3.0401,-2.9937
6.1000,-0.8485,-2.7413,-2.7506,0.0000,0.0000,-2.4481,-2.9517,-3.1036,-3.0102,-2.9602
6.1100,-0.8876,-2.6748,-2.6963,0.0000,0.0000,-2.3957,-2.8967,-3.0472,-2.9616,-2.9084
6.1200,-0.9211,-2.6075,-2.6252,0.0000,0.0000,-2.3284,-2.8237,-2.9719,-2.8946,-2.8384
6.1300,-0.9490,-2.5082,-2.5378,0.0000,0.0000,-2.2466,-2.7331,-2.8781,-2.8097,-2.7509
6.1400,-0.9709,-2.4090,-2.4347,0.0000,0.0000,-2.1508,-2.6255,-2.7664,-2.7072,-2.6462
6.1500,-0.9867,-2.2791,-2.3164,0.0000,0.0000,-2.0416,-2.5016,-2.6374,-2.5880,-2.5251
6.1600,-0.9965,-2.1507,-2.1836,0.0000,0.0000,-1.9197,-2.3620,-2.4921,-2.4526,-2.3883
6.1700,-1.0000,-1.9933,-2.0374,0.0000,0.0000,-1.7859,-2.2078,-2.3312,-2.3021,-2.2367
6.1800,-0.9973,-1.8390,-1.8784,0.0000,0.0000,-1.6410,-2.0399,-2.1558,-2.1372,-2.0712
6.1900,-0.9884,-1.6579,-1.7078,0.0000,0.0000,-1.4858,-1.8592,-1.9670,-1.9591,-1.8928
6.2000,-0.9733,-1.4817,-1.5265,0.0000,0.0000,-1.3214,-1.6670,-1.7660,-1.7688,-1.7026
6.2100,-0.9522,-1.2811,-1.3358,0.0000,0.0000,-1.1488,-1.4644,-1.5539,-1.5675,-1.5019
6.2200,-0.9252,-1.0877,-1.1368,0.0000,0.0000,-0.9690,-1.2527,-1.3322,-1.3565,-1.2919
6.2300,-0.8924,-0.8724,-0.9307,0.0000,0.0000,-0.7832,-1.0332,-1.1023,-1.1371,-1.0738
6.2400,-0.8540,-0.6668,-0.7188,0.0000,0.0000,-0.5925,-0.8072,-0.8654,-0.9106,-0.8491
6.2500,-0.8103,-0.4419,-0.5025,0.0000,0.0000,-0.3981,-0.5763,-0.6232,-0.6785,-0.6192
6.2600,-0.7616,-0.2293,-0.2830,0.0000,0.0000,-0.2012,-0.3417,-0.3771,-0.4422,-0.3854
6.2700,-0.7082,-0.0003,-0.0618,0.0000,0.0000,-0.0031,-0.1050,-0.1286,-0.2032,-0.1492
6.2800,-0.6503,0.2137,0.1597,0.0000,0.0000,0.1950,0.1323,0.1207,0.0371,0.0878
6.2900,-0.5884,0.4413,0.3803,0.0000,0.0000,0.3919,0.3688,0.3692,0.2771,0.3243
6.3000,-0.5228,0.6513,0.5984,0.0000,0.0000,0.5864,0.6030,0.6154,0.5153,0.5588
6.3100,-0.4540,0.8721,0.8129,0.0000,0.0000,0.7772,0.8335,0.8578,0.7503,0.7897
6.3200,-0.3823,1.0727,1.0222,0.0000,0.0000,0.9632,1.0588,1.0948,0.9806,1.0157
6.3300,-0.3083,1.2813,1.2252,0.0000,0.0000,1.1432,1.2775,1.3250,1.2048,1.2354
6.3400,-0.2323,1.4673,1.4206,0.0000,0.0000,1.3161,1.4882,1.5470,1.4215,1.4473
6.3500,-0.1549,1.6587,1.6070,0.0000,0.0000,1.4808,1.6897,1.7593,1.6293,1.6502
6.3600,-0.0766,1.8253,1.7835,0.0000,0.0000,1.6362,1.8806,1.9607,1.8269,1.8428
6.3700,0.0023,1.9950,1.9489,0.0000,0.0000,1.7815,2.0599,2.1499,2.0131,2.0239
6.3800,0.0811,2.1379,2.1021,0.0000,0.0000,1.9157,2.2263,2.3257,2.1867,2.1924
6.3900,0.1594,2.2818,2.2422,0.0000,0.0000,2.0380,2.3789,2.4871,2.3467,2.3473
6.4000,0.2367,2.3972,2.3684,0.0000,0.0000,2.1476,2.5166,2.6329,2.4921,2.4874
6.4100,0.3126,2.5120,2.4797,0.0000,0.0000,2.2438,2.6387,2.7624,2.6220,2.6121
6.4200,0.3865,2.5969,2.5757,0.0000,0.0000,2.3261,2.7444,2.8747,2.7355,2.7205
6.4300,0.4580,2.6798,2.6556,0.0000,0.0000,2.3938,2.8330,2.9690,2.8319,2.8119
6.4400,0.5266,2.7319,2.7189,0.0000,0.0000,2.4467,2.9040,3.0449,2.9107,2.8858
6.4500,0.5920,2.7811,2.7654,0.0000,0.0000,2.4844,2.9568,3.1019,2.9713,2.9418
6.4600,0.6537,2.7989,2.7946,0.0000,0.0000,2.5066,2.9913,3.1395,3.0134,2.9794
6.4700,0.7113,2.8133,2.8064,0.0000,0.0000,2.5131,3.0072,3.1576,3.0368,2.9984
6.4800,0.7645,2.7962,2.8007,0.0000,0.0000,2.5041,3.0044,3.1561,3.0412,2.9987
6.4900,0.8130,2.7757,2.7775,0.0000,0.0000,2.4794,2.9828,3.1349,3.0266,2.9803
6.5000,0.8563,2.7240,2.7371,0.0000,0.0000,2.4394,2.9427,3.0942,2.9932,2.9434
6.5100,0.8944,2.6692,2.6796,0.0000,0.0000,2.3841,2.8843,3.0342,2.9412,2.8881
6.5200,0.9269,2.5840,2.6054,0.0000,0.0000,2.3140,2.8079,2.9553,2.8708,2.8149
6.5300,0.9536,2.4964,2.5150,0.0000,0.0000,2.2295,2.7140,2.8581,2.7825,2.7240
6.5400,0.9743,2.3796,2.4089,0.0000,0.0000,2.1312,2.6033,2.7430,2.6768,2.6162
6.5500,0.9891,2.2617,2.2879,0.0000,0.0000,2.0195,2.4763,2.6109,2.5545,2.4921
6.5600,0.9976,2.1160,2.1525,0.0000,0.0000,1.8953,2.3339,2.4626,2.4162,2.3525
6.5700,1.0000,1.9708,2.0038,0.0000,0.0000,1.7593,2.1771,2.2989,2.2629,2.1982
6.5800,0.9961,1.7997,1.8425,0.0000,0.0000,1.6123,2.0066,2.1209,2.0955,2.0302
6.5900,0.9860,1.6310,1.6698,0.0000,0.0000,1.4554,1.8237,1.9297,1.9150,1.8495
6.6000,0.9698,1.4386,1.4867,0.0000,0.0000,1.2893,1.6294,1.7265,1.7225,1.6573
6.6100,0.9475,1.2507,1.2943,0.0000,0.0000,1.1152,1.4250,1.5125,1.5193,1.4547
6.6200,0.9194,1.0417,1.0939,0.0000,0.0000,0.9342,1.2117,1.2891,1.3067,1.2431
6.6300,0.8855,0.8395,0.8866,0.0000,0.0000,0.7474,0.9908,1.0577,1.0858,1.0237
6.6400,0.8461,0.6188,0.6738,0.0000,0.0000,0.5559,0.7638,0.8197,0.8582,0.7979
6.6500,0.8015,0.4074,0.4568,0.0000,0.0000,0.3610,0.5321,0.5767,0.6252,0.5671
6.6600,0.7518,0.1804,0.2369,0.0000,0.0000,0.1638,0.2970,0.3300,0.3883,0.3328
6.6700,0.6975,-0.0346,0.0156,0.0000,0.0000,-0.0344,0.0601,0.0813,0.1490,0.0964
6.6800,0.6389,-0.2626,-0.2059,0.0000,0.0000,-0.2324,-0.1772,-0.1680,-0.0913,-0.1407
6.6900,0.5762,-0.4758,-0.4261,0.0000,0.0000,-0.4290,-0.4134,-0.4162,-0.3311,-0.3769
6.7000,0.5100,-0.6991,-0.6437,0.0000,0.0000,-0.6228,-0.6470,-0.6618,-0.5688,-0.6107
6.7100,0.4406,-0.9050,-0.8572,0.0000,0.0000,-0.8128,-0.8766,-0.9032,-0.8030,-0.8408
6.7200,0.3685,-1.1183,-1.0655,0.0000,0.0000,-0.9978,-1.1007,-1.1391,-1.0323,-1.0657
6.7300,0.2941,-1.3117,-1.2671,0.0000,0.0000,-1.1765,-1.3180,-1.3679,-1.2551,-1.2840
6.7400,0.2178,-1.5098,-1.4609,0.0000,0.0000,-1.3479,-1.5271,-1.5881,-1.4702,-1.4943
6.7500,0.1402,-1.6857,-1.6455,0.0000,0.0000,-1.5109,-1.7266,-1.7985,-1.6761,-1.6953
6.7600,0.0617,-1.8638,-1.8200,0.0000,0.0000,-1.6645,-1.9155,-1.9977,-1.8716,-1.8858
6.7700,-0.0172,-2.0177,-1.9831,0.0000,0.0000,-1.8078,-2.0924,-2.1844,-2.0555,-2.0646
6.7800,-0.0960,-2.1716,-2.1339,0.0000,0.0000,-1.9398,-2.2563,-2.3576,-2.2266,-2.2306
6.7900,-0.1741,-2.2994,-2.2714,0.0000,0.0000,-2.0597,-2.4061,-2.5160,-2.3839,-2.3827
6.8000,-0.2512,-2.4255,-2.3948,0.0000,0.0000,-2.1668,-2.5410,-2.6588,-2.5264,-2.5200
6.8100,-0.3267,-2.5240,-2.5033,0.0000,0.0000,-2.2605,-2.6600,-2.7851,-2.6532,-2.6416
6.8200,-0.4002,-2.6192,-2.5963,0.0000,0.0000,-2.3400,-2.7625,-2.8940,-2.7635,-2.7468
6.8300,-0.4712,-2.6857,-2.6731,0.0000,0.0000,-2.4050,-2.8478,-2.9850,-2.8566,-2.8349
6.8400,-0.5393,-2.7479,-2.7332,0.0000,0.0000,-2.4550,-2.9154,-3.0573,-2.9320,-2.9055
6.8500,-0.6040,-2.7805,-2.7764,0.0000,0.0000,-2.4898,-2.9648,-3.1106,-2.9891,-2.9579
6.8600,-0.6649,-2.8083,-2.8023,0.0000,0.0000,-2.5090,-2.9958,-3.1446,-3.0277,-2.9920
6.8700,-0.7217,-2.8062,-2.8108,0.0000,0.0000,-2.5126,-3.0081,-3.1590,-3.0474,-3.0075
6.8800,-0.7741,-2.7990,-2.8018,0.0000,0.0000,-2.5006,-3.0017,-3.1537,-3.0482,-3.0042
6.8900,-0.8216,-2.7621,-2.7753,0.0000,0.0000,-2.4730,-2.9766,-3.1288,-3.0301,-2.9823
6.9000,-0.8639,-2.7202,-2.7316,0.0000,0.0000,-2.4301,-2.9330,-3.0844,-2.9931,-2.9419
6.9100,-0.9010,-2.6492,-2.6709,0.0000,0.0000,-2.3720,-2.8712,-3.0208,-2.9375,-2.8831
6.9200,-0.9324,-2.5738,-2.5936,0.0000,0.0000,-2.2991,-2.7914,-2.9384,-2.8637,-2.8065
6.9300,-0.9580,-2.4704,-2.5002,0.0000,0.0000,-2.2120,-2.6943,-2.8377,-2.7720,-2.7124
6.9400,-0.9776,-2.3636,-2.3912,0.0000,0.0000,-2.1110,-2.5805,-2.7194,-2.6631,-2.6014
6.9500,-0.9911,-2.2301,-2.2674,0.0000,0.0000,-1.9969,-2.4505,-2.5842,-2.5377,-2.4743
6.9600,-0.9985,-2.0946,-2.1294,0.0000,0.0000,-1.8704,-2.3053,-2.4328,-2.3965,-2.3318
6.9700,-0.9997,-1.9343,-1.9782,0.0000,0.0000,-1.7323,-2.1458,-2.2663,-2.2404,-2.1748
6.9800,-0.9946,-1.7737,-1.8147,0.0000,0.0000,-1.5834,-1.9729,-2.0857,-2.0704,-2.0043
6.9900,-0.9834,-1.5903,-1.6400,0.0000,0.0000,-1.4246,-1.7877,-1.8922,-1.8876,-1.8213
7.0000,-0.9660,-1.4088,-1.4550,0.0000,0.0000,-1.2569,-1.5914,-1.6868,-1.6930,-1.6270
7.0100,-0.9427,-1.2067,-1.2610,0.0000,0.0000,-1.0815,-1.3852,-1.4710,-1.4878,-1.4226
7.0200,-0.9134,-1.0089,-1.0591,0.0000,0.0000,-0.8993,-1.1704,-1.2460,-1.2735,-1.2094
7.0300,-0.8785,-0.7931,-0.8507,0.0000,0.0000,-0.7115,-0.9483,-1.0132,-1.0513,-0.9887
7.0400,-0.8381,-0.5840,-0.6370,0.0000,0.0000,-0.5192,-0.7203,-0.7742,-0.8225,-0.7618
7.0500,-0.7925,-0.3597,-0.4193,0.0000,0.0000,-0.3238,-0.4878,-0.5303,-0.5886,-0.5302
7.0600,-0.7419,-0.1447,-0.1991,0.0000,0.0000,-0.1263,-0.2523,-0.2831,-0.3511,-0.2954
7.0700,-0.6867,0.0828,0.0224,0.0000,0.0000,0.0719,-0.0152,-0.0342,-0.1115,-0.0587
7.0800,-0.6273,0.2982,0.2438,0.0000,0.0000,0.2698,0.2220,0.2150,0.1289,0.1783
7.0900,-0.5640,0.5232,0.4636,0.0000,0.0000,0.4659,0.4578,0.4628,0.3684,0.4142
7.1000,-0.4971,0.7335,0.6805,0.0000,0.0000,0.6591,0.6908,0.7078,0.6056,0.6475
7.1100,-0.4272,0.9507,0.8932,0.0000,0.0000,0.8483,0.9195,0.9483,0.8390,0.8767
7.1200,-0.3546,1.1506,1.1003,0.0000,0.0000,1.0321,1.1424,1.1829,1.0671,1.1005
7.1300,-0.2797,1.3547,1.3005,0.0000,0.0000,1.2095,1.3582,1.4102,1.2886,1.3174
7.1400,-0.2032,1.5390,1.4926,0.0000,0.0000,1.3794,1.5656,1.6287,1.5021,1.5260
7.1500,-0.1254,1.7250,1.6755,0.0000,0.0000,1.5408,1.7632,1.8370,1.7061,1.7252
7.1600,-0.0468,1.8891,1.8478,0.0000,0.0000,1.6925,1.9499,2.0339,1.8996,1.9136
7.1700,0.0321,2.0525,2.0087,0.0000,0.0000,1.8337,2.1244,2.2182,2.0811,2.0900
7.1800,0.1108,2.1921,2.1571,0.0000,0.0000,1.9634,2.2857,2.3886,2.2497,2.2535
7.1900,0.1888,2.3291,2.2920,0.0000,0.0000,2.0810,2.4328,2.5442,2.4043,2.4028
7.2000,0.2656,2.4406,2.4127,0.0000,0.0000,2.1856,2.5647,2.6840,2.5439,2.5372
7.2100,0.3408,2.5479,2.5183,0.0000,0.0000,2.2766,2.6807,2.8070,2.6677,2.6558
7.2200,0.4139,2.6283,2.6082,0.0000,0.0000,2.3534,2.7800,2.9126,2.7748,2.7579
7.2300,0.4843,2.7034,2.6819,0.0000,0.0000,2.4156,2.8620,3.0000,2.8646,2.8427
7.2400,0.5518,2.7507,2.7389,0.0000,0.0000,2.4628,2.9261,3.0688,2.9366,2.9099
7.2500,0.6158,2.7917,2.7788,0.0000,0.0000,2.4946,2.9721,3.1185,2.9902,2.9589
7.2600,0.6760,2.8046,2.8014,0.0000,0.0000,2.5109,2.9995,3.1487,3.0253,2.9895
7.2700,0.7320,2.8108,2.8066,0.0000,0.0000,2.5116,3.0083,3.1594,3.0414,3.0014
7.2800,0.7834,2.7887,2.7943,0.0000,0.0000,2.4966,2.9984,3.1504,3.0387,2.9947
7.2900,0.8300,2.7600,2.7646,0.0000,0.0000,2.4661,2.9698,3.1218,3.0170,2.9692
7.3000,0.8714,2.7034,2.7177,0.0000,0.0000,2.4202,2.9227,3.0738,2.9764,2.9253
7.3100,0.9073,2.6407,2.6538,0.0000,0.0000,2.3593,2.8574,3.0066,2.9174,2.8632
7.3200,0.9377,2.5509,2.5734,0.0000,0.0000,2.2837,2.7744,2.9207,2.8402,2.7832
7.3300,0.9621,2.4558,2.4770,0.0000,0.0000,2.1939,2.6740,2.8166,2.7452,2.6859
7.3400,0.9806,2.3349,2.3652,0.0000,0.0000,2.0904,2.5571,2.6950,2.6332,2.5718
7.3500,0.9930,2.2099,2.2386,0.0000,0.0000,1.9739,2.4242,2.5567,2.5047,2.4417
7.3600,0.9992,2.0608,2.0981,0.0000,0.0000,1.8452,2.2762,2.4024,2.3606,2.2964
7.3700,0.9992,1.9092,1.9445,0.0000,0.0000,1.7049,2.1141,2.2332,2.2019,2.1368
7.3800,0.9930,1.7353,1.7788,0.0000,0.0000,1.5540,1.9388,2.0500,2.0294,1.9639
7.3900,0.9806,1.5611,1.6020,0.0000,0.0000,1.3935,1.7514,1.8541,1.8442,1.7787
7.4000,0.9621,1.3667,1.4152,0.0000,0.0000,1.2243,1.5531,1.6467,1.6475,1.5824
7.4100,0.9376,1.1742,1.2197,0.0000,0.0000,1.0475,1.3452,1.4290,1.4406,1.3763
7.4200,0.9072,0.9641,1.0165,0.0000,0.0000,0.8641,1.1289,1.2024,1.2247,1.1615
7.4300,0.8712,0.7582,0.8069,0.0000,0.0000,0.6754,0.9056,0.9684,1.0011,0.9396
7.4400,0.8298,0.5374,0.5924,0.0000,0.0000,0.4825,0.6766,0.7283,0.7713,0.7117
7.4500,0.7833,0.3235,0.3741,0.0000,0.0000,0.2865,0.4434,0.4837,0.5366,0.4794
7.4600,0.7318,0.0973,0.1535,0.0000,0.0000,0.0888,0.2075,0.2360,0.2986,0.2441
7.4700,0.6758,-0.1193,-0.0680,0.0000,0.0000,-0.1095,-0.0298,-0.0131,0.0587,0.0073
7.4800,0.6156,-0.3453,-0.2892,0.0000,0.0000,-0.3071,-0.2668,-0.2621,-0.1816,-0.2296
7.4900,0.5516,-0.5590,-0.5085,0.0000,0.0000,-0.5027,-0.5022,-0.5095,-0.4207,-0.4651
7.5000,0.4841,-0.7793,-0.7247,0.0000,0.0000,-0.6953,-0.7345,-0.7537,-0.6573,-0.6977
7.5100,0.4136,-0.9848,-0.9364,0.0000,0.0000,-0.8835,-0.9621,-0.9932,-0.8898,-0.9260
7.5200,0.3406,-1.1941,-1.1423,0.0000,0.0000,-1.0662,-1.1838,-1.2266,-1.1168,-1.1486
7.5300,0.2654,-1.3860,-1.3411,0.0000,0.0000,-1.2423,-1.3982,-1.4523,-1.3368,-1.3640
7.5400,0.1885,-1.5792,-1.5316,0.0000,0.0000,-1.4107,-1.6038,-1.6690,-1.5486,-1.5709
7.5500,0.1105,-1.7527,-1.7125,0.0000,0.0000,-1.5702,-1.7995,-1.8752,-1.7507,-1.7681
7.5600,0.0318,-1.9252,-1.8828,0.0000,0.0000,-1.7200,-1.9839,-2.0698,-1.9420,-1.9543
7.5700,-0.0470,-2.0758,-2.0414,0.0000,0.0000,-1.8591,-2.1560,-2.2516,-2.1212,-2.1284
7.5800,-0.1256,-2.2233,-2.1872,0.0000,0.0000,-1.9867,-2.3147,-2.4193,-2.2872,-2.2892
7.5900,-0.2035,-2.3472,-2.3195,0.0000,0.0000,-2.1018,-2.4590,-2.5720,-2.4390,-2.4358
7.6000,-0.2800,-2.4662,-2.4374,0.0000,0.0000,-2.2039,-2.5879,-2.7086,-2.5757,-2.5673
7.6100,-0.3548,-2.5602,-2.5401,0.0000,0.0000,-2.2923,-2.7008,-2.8284,-2.6963,-2.6828
7.6200,-0.4274,-2.6479,-2.6270,0.0000,0.0000,-2.3663,-2.7968,-2.9306,-2.8002,-2.7816
7.6300,-0.4973,-2.7095,-2.6975,0.0000,0.0000,-2.4257,-2.8755,-3.0145,-2.8866,-2.8631
7.6400,-0.5642,-2.7639,-2.7513,0.0000,0.0000,-2.4700,-2.9362,-3.0797,-2.9551,-2.9269
7.6500,-0.6275,-2.7914,-2.7879,0.0000,0.0000,-2.4989,-2.9787,-3.1257,-3.0053,-2.9724
7.6600,-0.6869,-2.8112,-2.8073,0.0000,0.0000,-2.5122,-3.0026,-3.1523,-3.0367,-2.9994
7.6700,-0.7421,-2.8039,-2.8091,0.0000,0.0000,-2.5099,-3.0079,-3.1592,-3.0493,-3.0078
7.6800,-0.7926,-2.7886,-2.7935,0.0000,0.0000,-2.4920,-2.9944,-3.1465,-3.0430,-2.9975
7.6900,-0.8382,-2.7466,-2.7605,0.0000,0.0000,-2.4586,-2.9623,-3.1142,-3.0177,-2.9686
7.7000,-0.8786,-2.6969,-2.7103,0.0000,0.0000,-2.4098,-2.9117,-3.0625,-2.9736,-2.9212
7.7100,-0.9135,-2.6210,-2.6433,0.0000,0.0000,-2.3461,-2.8431,-2.9918,-2.9111,-2.8556
7.7200,-0.9427,-2.5381,-2.5598,0.0000,0.0000,-2.2678,-2.7567,-2.9024,-2.8304,-2.7723
7.7300,-0.9661,-2.4301,-2.4605,0.0000,0.0000,-2.1753,-2.6532,-2.7950,-2.7322,-2.6717
7.7400,-0.9834,-2.3163,-2.3458,0.0000,0.0000,-2.0693,-2.5331,-2.6701,-2.6170,-2.5546
7.7500,-0.9947,-2.1788,-2.2165,0.0000,0.0000,-1.9505,-2.3973,-2.5287,-2.4855,-2.4215
7.7600,-0.9997,-2.0370,-2.0734,0.0000,0.0000,-1.8195,-2.2466,-2.3715,-2.3385,-2.2734
7.7700,-0.9985,-1.8733,-1.9175,0.0000,0.0000,-1.6771,-2.0819,-2.1995,-2.1771,-2.1112
7.7800,-0.9911,-1.7071,-1.7496,0.0000,0.0000,-1.5244,-1.9042,-2.0139,-2.0021,-1.9358
7.7900,-0.9775,-1.5211,-1.5708,0.0000,0.0000,-1.3621,-1.7147,-1.8157,-1.8146,-1.7485
7.8000,-0.9579,-1.3348,-1.3823,0.0000,0.0000,-1.1914,-1.5145,-1.6063,-1.6159,-1.5502
7.8100,-0.9323,-1.1311,-1.1851,0.0000,0.0000,-1.0132,-1.3049,-1.3868,-1.4071,-1.3423
7.8200,-0.9008,-0.9294,-0.9807,0.0000,0.0000,-0.8288,-1.0871,-1.1587,-1.1896,-1.1261
7.8300,-0.8638,-0.7129,-0.7701,0.0000,0.0000,-0.6392,-0.8626,-0.9234,-0.9648,-0.9029
7.8400,-0.8214,-0.5010,-0.5547,0.0000,0.0000,-0.4456,-0.6327,-0.6823,-0.7339,-0.6741
7.8500,-0.7739,-0.2769,-0.3359,0.0000,0.0000,-0.2492,-0.3989,-0.4370,-0.4985,-0.4411
7.8600,-0.7216,-0.0601,-0.1150,0.0000,0.0000,-0.0513,-0.1626,-0.1890,-0.2600,-0.2054
7.8700,-0.6647,0.1660,0.1066,0.0000,0.0000,0.1470,0.0747,0.0602,-0.0199,0.0316
7.8800,-0.6038,0.3821,0.3275,0.0000,0.0000,0.3443,0.3115,0.3091,0.2203,0.2683
7.8900,-0.5390,0.6048,0.5464,0.0000,0.0000,0.5395,0.5464,0.5560,0.4591,0.5034
7.9000,-0.4710,0.8149,0.7619,0.0000,0.0000,0.7313,0.7779,0.7994,0.6950,0.7353
7.9100,-0.4000,1.0287,0.9726,0.0000,0.0000,0.9185,1.0046,1.0379,0.9266,0.9627
7.9200,-0.3265,1.2273,1.1772,0.0000,0.0000,1.1001,1.2250,1.2699,1.1524,1.1840
7.9300,-0.2509,1.4270,1.3745,0.0000,0.0000,1.2748,1.4378,1.4940,1.3710,1.3979
7.9400,-0.1739,1.6091,1.5633,0.0000,0.0000,1.4416,1.6416,1.7088,1.5810,1.6031
7.9500,-0.0957,1.7899,1.7423,0.0000,0.0000,1.5994,1.8353,1.9130,1.7812,1.7983
7.9600,-0.0169,1.9509,1.9104,0.0000,0.0000,1.7472,2.0175,2.1053,1.9703,1.9823
7.9700,0.0620,2.1084,2.0667,0.0000,0.0000,1.8842,2.1871,2.2844,2.1471,2.1540
7.9800,0.1404,2.2442,2.2101,0.0000,0.0000,2.0094,2.3431,2.4494,2.3105,2.3122
7.9900,0.2181,2.3745,2.3397,0.0000,0.0000,2.1222,2.4846,2.5991,2.4595,2.4560
8.0000,0.2943,2.4816,2.4547,0.0000,0.0000,2.2217,2.6105,2.7326,2.5932,2.5845
8.0100,0.3687,2.5817,2.5545,0.0000,0.0000,2.3074,2.7203,2.8491,2.7107,2.6970
8.0200,0.4409,2.6573,2.6383,0.0000,0.0000,2.3787,2.8131,2.9479,2.8114,2.7926
8.0300,0.5103,2.7247,2.7057,0.0000,0.0000,2.4353,2.8884,3.0283,2.8945,2.8708
8.0400,0.5765,2.7668,2.7563,0.0000,0.0000,2.4766,2.9457,3.0899,2.9596,2.9311
8.0500,0.6391,2.8001,2.7897,0.0000,0.0000,2.5026,2.9847,3.1323,3.0062,2.9731
8.0600,0.6977,2.8076,2.8057,0.0000,0.0000,2.5130,3.0051,3.1551,3.0341,2.9967
8.0700,0.7520,2.8059,2.8043,0.0000,0.0000,2.5077,3.0068,3.1583,3.0431,3.0015
8.0800,0.8016,2.7784,2.7853,0.0000,0.0000,2.4869,2.9897,3.1419,3.0332,2.9877
8.0900,0.8463,2.7420,2.7491,0.0000,0.0000,2.4505,2.9541,3.1059,3.0043,2.9553
8.1000,0.8856,2.6802,2.6957,0.0000,0.0000,2.3989,2.9001,3.0506,2.9568,2.9044
8.1100,0.9195,2.6100,2.6255,0.0000,0.0000,2.3324,2.8281,2.9763,2.8908,2.8355
8.1200,0.9476,2.5153,2.5390,0.0000,0.0000,2.2513,2.7384,2.8834,2.8068,2.7489
8.1300,0.9698,2.4132,2.4367,0.0000,0.0000,2.1563,2.6317,2.7726,2.7053,2.6451
8.1400,0.9860,2.2879,2.3192,0.0000,0.0000,2.0478,2.5086,2.6446,2.5869,2.5249
8.1500,0.9961,2.1564,2.1872,0.0000,0.0000,1.9266,2.3699,2.5001,2.4525,2.3889
8.1600,1.0000,2.0035,2.0417,0.0000,0.0000,1.7934,2.2164,2.3400,2.3027,2.2381
8.1700,0.9976,1.8461,1.8834,0.0000,0.0000,1.6490,2.0492,2.1654,2.1386,2.0733
8.1800,0.9890,1.6692,1.7134,0.0000,0.0000,1.4944,1.8692,1.9773,1.9612,1.8956
8.1900,0.9743,1.4900,1.5327,0.0000,0.0000,1.3304,1.6776,1.7769,1.7715,1.7061
8.2000,0.9535,1.2934,1.3424,0.0000,0.0000,1.1582,1.4755,1.5654,1.5708,1.5059
8.2100,0.9268,1.0968,1.1438,0.0000,0.0000,0.9788,1.2642,1.3442,1.3603,1.2964
8.2200,0.8943,0.8854,0.9381,0.0000,0.0000,0.7932,1.0451,1.1146,1.1413,1.0787
8.2300,0.8562,0.6765,0.7265,0.0000,0.0000,0.6028,0.8195,0.8781,0.9152,0.8544
8.2400,0.8128,0.4554,0.5104,0.0000,0.0000,0.4086,0.5887,0.6361,0.6834,0.6247
8.2500,0.7643,0.2394,0.2911,0.0000,0.0000,0.2118,0.3543,0.3902,0.4473,0.3911
8.2600,0.7111,0.0140,0.0699,0.0000,0.0000,0.0137,0.1177,0.1418,0.2084,0.1550
8.2700,0.6535,-0.2037,-0.1516,0.0000,0.0000,-0.1844,-0.1196,-0.1074,-0.0318,-0.0820
8.2800,0.5918,-0.4278,-0.3723,0.0000,0.0000,-0.3814,-0.3562,-0.3560,-0.2718,-0.3186
8.2900,0.5264,-0.6416,-0.5906,0.0000,0.0000,-0.5761,-0.5906,-0.6024,-0.5102,-0.5532
8.3000,0.4577,-0.8591,-0.8052,0.0000,0.0000,-0.7671,-0.8213,-0.8450,-0.7454,-0.7843
8.3100,0.3862,-1.0635,-1.0149,0.0000,0.0000,-0.9534,-1.0469,-1.0824,-0.9760,-1.0106
8.3200,0.3123,-1.2690,-1.2183,0.0000,0.0000,-1.1337,-1.2659,-1.3130,-1.2005,-1.2306
8.3300,0.2365,-1.4589,-1.4140,0.0000,0.0000,-1.3070,-1.4771,-1.5354,-1.4176,-1.4430
8.3400,0.1591,-1.6474,-1.6010,0.0000,0.0000,-1.4722,-1.6791,-1.7483,-1.6259,-1.6464
8.3500,0.0808,-1.8180,-1.7780,0.0000,0.0000,-1.6282,-1.8707,-1.9503,-1.8240,-1.8395
8.3600,0.0020,-1.9849,-1.9440,0.0000,0.0000,-1.7740,-2.0506,-2.1402,-2.0109,-2.0213
8.3700,-0.0769,-2.1319,-2.0979,0.0000,0.0000,-1.9088,-2.2177,-2.3168,-2.1852,-2.1905
8.3800,-0.1552,-2.2732,-2.2387,0.0000,0.0000,-2.0318,-2.3710,-2.4789,-2.3460,-2.3460
8.3900,-0.2326,-2.3927,-2.3656,0.0000,0.0000,-2.1420,-2.5096,-2.6256,-2.4921,-2.4870
8.4000,-0.3086,-2.5049,-2.4778,0.0000,0.0000,-2.2390,-2.6326,-2.7560,-2.6228,-2.6125
8.4100,-0.3826,-2.5941,-2.5746,0.0000,0.0000,-2.3220,-2.7392,-2.8692,-2.7372,-2.7218
8.4200,-0.4542,-2.6745,-2.6554,0.0000,0.0000,-2.3906,-2.8287,-2.9645,-2.8345,-2.8141
8.4300,-0.5230,-2.7308,-2.7196,0.0000,0.0000,-2.4443,-2.9006,-3.0414,-2.9143,-2.8890
8.4400,-0.5886,-2.7776,-2.7670,0.0000,0.0000,-2.4827,-2.9545,-3.0994,-2.9759,-2.9459
8.4500,-0.6505,-2.7997,-2.7971,0.0000,0.0000,-2.5058,-2.9900,-3.1381,-3.0190,-2.9844
8.4600,-0.7083,-2.8117,-2.8098,0.0000,0.0000,-2.5132,-3.0068,-3.1572,-3.0433,-3.0044
8.4700,-0.7618,-2.7989,-2.8050,0.0000,0.0000,-2.5050,-3.0050,-3.1567,-3.0487,-3.0057
8.4800,-0.8105,-2.7760,-2.7828,0.0000,0.0000,-2.4812,-2.9844,-3.1366,-3.0352,-2.9884
8.4900,-0.8541,-2.7285,-2.7433,0.0000,0.0000,-2.4419,-2.9453,-3.0969,-3.0027,-2.9524
8.5000,-0.8925,-2.6713,-2.6867,0.0000,0.0000,-2.3875,-2.8878,-3.0380,-2.9517,-2.8981
8.5100,-0.9253,-2.5902,-2.6134,0.0000,0.0000,-2.3181,-2.8124,-2.9601,-2.8822,-2.8257
8.5200,-0.9523,-2.5003,-2.5238,0.0000,0.0000,-2.2344,-2.7195,-2.8638,-2.7948,-2.7358
8.5300,-0.9734,-2.3875,-2.4186,0.0000,0.0000,-2.1368,-2.6096,-2.7497,-2.6901,-2.6289
8.5400,-0.9884,-2.2671,-2.2983,0.0000,0.0000,-2.0258,-2.4835,-2.6185,-2.5686,-2.5056
8.5500,-0.9973,-2.1254,-2.1637,0.0000,0.0000,-1.9023,-2.3420,-2.4710,-2.4312,-2.3668
8.5600,-1.0000,-1.9777,-2.0156,0.0000,0.0000,-1.7669,-2.1858,-2.3081,-2.2786,-2.2132
8.5700,-0.9964,-1.8105,-1.8550,0.0000,0.0000,-1.6205,-2.0161,-2.1308,-2.1119,-2.0459
8.5800,-0.9867,-1.6391,-1.6829,0.0000,0.0000,-1.4640,-1.8338,-1.9403,-1.9321,-1.8659
8.5900,-0.9708,-1.4504,-1.5003,0.0000,0.0000,-1.2984,-1.6401,-1.7377,-1.7402,-1.6742
8.6000,-0.9489,-1.2598,-1.3084,0.0000,0.0000,-1.1248,-1.4362,-1.5243,-1.5376,-1.4722
8.6100,-0.9210,-1.0543,-1.1083,0.0000,0.0000,-0.9441,-1.2233,-1.3014,-1.3253,-1.2610
8.6200,-0.8875,-0.8493,-0.9014,0.0000,0.0000,-0.7575,-1.0028,-1.0704,-1.1049,-1.0420
8.6300,-0.8484,-0.6319,-0.6888,0.0000,0.0000,-0.5663,-0.7761,-0.8327,-0.8776,-0.8165
8.6400,-0.8040,-0.4176,-0.4720,0.0000,0.0000,-0.3715,-0.5446,-0.5898,-0.6448,-0.5859
8.6500,-0.7546,-0.1938,-0.2522,0.0000,0.0000,-0.1744,-0.3097,-0.3433,-0.4081,-0.3517
8.6600,-0.7006,0.0243,-0.0309,0.0000,0.0000,0.0238,-0.0728,-0.0947,-0.1688,-0.1154
8.6700,-0.6421,0.2492,0.1906,0.0000,0.0000,0.2218,0.1645,0.1546,0.0715,0.1217
8.6800,-0.5797,0.4656,0.4109,0.0000,0.0000,0.4185,0.4008,0.4029,0.3113,0.3580
8.6900,-0.5136,0.6860,0.6286,0.0000,0.0000,0.6125,0.6346,0.6486,0.5492,0.5920
8.7000,-0.4444,0.8953,0.8425,0.0000,0.0000,0.8028,0.8644,0.8904,0.7837,0.8224
8.7100,-0.3724,1.1058,1.0510,0.0000,0.0000,0.9880,1.0889,1.1266,1.0132,1.0476
8.7200,-0.2981,1.3027,1.2531,0.0000,0.0000,1.1671,1.3065,1.3558,1.2364,1.2663
8.7300,-0.2219,1.4982,1.4473,0.0000,0.0000,1.3389,1.5161,1.5765,1.4520,1.4771
8.7400,-0.1444,1.6777,1.6325,0.0000,0.0000,1.5024,1.7162,1.7874,1.6584,1.6786
8.7500,-0.0659,1.8534,1.8075,0.0000,0.0000,1.6566,1.9056,1.9873,1.8546,1.8697
8.7600,0.0130,2.0109,1.9712,0.0000,0.0000,1.8004,2.0832,2.1747,2.0391,2.0492
8.7700,0.0917,2.1625,2.1227,0.0000,0.0000,1.9330,2.2478,2.3486,2.2110,2.2159
8.7800,0.1700,2.2941,2.2610,0.0000,0.0000,2.0536,2.3984,2.5079,2.3690,2.3688
8.7900,0.2471,2.4180,2.3852,0.0000,0.0000,2.1614,2.5341,2.6516,2.5124,2.5069
8.8000,0.3227,2.5202,2.4945,0.0000,0.0000,2.2558,2.6540,2.7787,2.6400,2.6294
8.8100,0.3963,2.6133,2.5883,0.0000,0.0000,2.3361,2.7574,2.8886,2.7512,2.7355
8.8200,0.4675,2.6837,2.6660,0.0000,0.0000,2.4019,2.8437,2.9805,2.8453,2.8246
8.8300,0.5357,2.7438,2.7271,0.0000,0.0000,2.4527,2.9122,3.0539,2.9216,2.8961
8.8400,0.6006,2.7803,2.7712,0.0000,0.0000,2.4883,2.9626,3.1082,2.9798,2.9495
8.8500,0.6618,2.8061,2.7980,0.0000,0.0000,2.5084,2.9946,3.1432,3.0194,2.9846
8.8600,0.7188,2.8079,2.8074,0.0000,0.0000,2.5128,3.0079,3.1586,3.0401,3.0011
8.8700,0.7714,2.7987,2.7994,0.0000,0.0000,2.5017,3.0025,3.1544,3.0420,2.9988
8.8800,0.8191,2.7656,2.7739,0.0000,0.0000,2.4749,2.9784,3.1306,3.0248,2.9779
8.8900,0.8618,2.7217,2.7311,0.0000,0.0000,2.4328,2.9358,3.0872,2.9889,2.9385
8.9000,0.8991,2.6545,2.6713,0.0000,0.0000,2.3755,2.8749,3.0247,2.9343,2.8808
8.9100,0.9308,2.5771,2.5949,0.0000,0.0000,2.3034,2.7962,2.9433,2.8614,2.8051
8.9200,0.9567,2.4774,2.5023,0.0000,0.0000,2.2170,2.7000,2.8436,2.7707,2.7119
8.9300,0.9767,2.3685,2.3942,0.0000,0.0000,2.1168,2.5870,2.7262,2.6628,2.6018
8.9400,0.9906,2.2387,2.2711,0.0000,0.0000,2.0034,2.4579,2.5918,2.5382,2.4756
8.9500,0.9983,2.1011,2.1339,0.0000,0.0000,1.8775,2.3135,2.4413,2.3979,2.3339
8.9600,0.9998,1.9442,1.9834,0.0000,0.0000,1.7400,2.1547,2.2756,2.2426,2.1776
8.9700,0.9951,1.7815,1.8205,0.0000,0.0000,1.5916,1.9825,2.0957,2.0733,2.0078
8.9800,0.9842,1.6015,1.6463,0.0000,0.0000,1.4333,1.7980,1.9028,1.8911,1.8255
8.9900,0.9671,1.4176,1.4619,0.0000,0.0000,1.2661,1.6022,1.6981,1.6971,1.6318
9.0000,0.9441,1.2188,1.2683,0.0000,0.0000,1.0911,1.3965,1.4828,1.4926,1.4279
9.0100,0.9151,1.0186,1.0669,0.0000,0.0000,0.9092,1.1821,1.2582,1.2787,1.2152
9.0200,0.8805,0.8059,0.8588,0.0000,0.0000,0.7217,0.9604,1.0258,1.0568,0.9948
9.0300,0.8404,0.5942,0.6453,0.0000,0.0000,0.5296,0.7326,0.7871,0.8284,0.7683
9.0400,0.7950,0.3728,0.4278,0.0000,0.0000,0.3343,0.5004,0.5434,0.5948,0.5369
9.0500,0.7447,0.1552,0.2077,0.0000,0.0000,0.1369,0.2649,0.2964,0.3575,0.3022
9.0600,0.6898,-0.0695,-0.0138,0.0000,0.0000,-0.0613,0.0279,0.0475,0.1179,0.0656
9.0700,0.6306,-0.2877,-0.2351,0.0000,0.0000,-0.2592,-0.2093,-0.2017,-0.1224,-0.1714
9.0800,0.5675,-0.5102,-0.4551,0.0000,0.0000,-0.4554,-0.4453,-0.4496,-0.3620,-0.4074
9.0900,0.5008,-0.7234,-0.6722,0.0000,0.0000,-0.6489,-0.6784,-0.6947,-0.5994,-0.6408
9.1000,0.4310,-0.9382,-0.8851,0.0000,0.0000,-0.8383,-0.9073,-0.9356,-0.8330,-0.8703
9.1100,0.3585,-1.1411,-1.0925,0.0000,0.0000,-1.0224,-1.1306,-1.1705,-1.0614,-1.0944
9.1200,0.2838,-1.3429,-1.2931,0.0000,0.0000,-1.2002,-1.3469,-1.3982,-1.2833,-1.3117
9.1300,0.2073,-1.5304,-1.4857,0.0000,0.0000,-1.3705,-1.5547,-1.6172,-1.4972,-1.5208
9.1400,0.1296,-1.7143,-1.6691,0.0000,0.0000,-1.5323,-1.7529,-1.8262,-1.7018,-1.7205
9.1500,0.0510,-1.8816,-1.8420,0.0000,0.0000,-1.6846,-1.9402,-2.0237,-1.8958,-1.9095
9.1600,-0.0279,-2.0431,-2.0036,0.0000,0.0000,-1.8264,-2.1154,-2.2087,-2.0781,-2.0866
9.1700,-0.1066,-2.1860,-2.1526,0.0000,0.0000,-1.9568,-2.2774,-2.3799,-2.2474,-2.2507
9.1800,-0.1847,-2.3211,-2.2883,0.0000,0.0000,-2.0750,-2.4253,-2.5363,-2.4027,-2.4009
9.1900,-0.2616,-2.4360,-2.4097,0.0000,0.0000,-2.1803,-2.5581,-2.6769,-2.5431,-2.5361
9.2000,-0.3368,-2.5415,-2.5161,0.0000,0.0000,-2.2721,-2.6749,-2.8009,-2.6677,-2.6555
9.2100,-0.4100,-2.6255,-2.6069,0.0000,0.0000,-2.3497,-2.7751,-2.9074,-2.7757,-2.7585
9.2200,-0.4806,-2.6988,-2.6815,0.0000,0.0000,-2.4127,-2.8580,-2.9958,-2.8665,-2.8443
9.2300,-0.5483,-2.7496,-2.7394,0.0000,0.0000,-2.4606,-2.9231,-3.0656,-2.9394,-2.9124
9.2400,-0.6125,-2.7890,-2.7802,0.0000,0.0000,-2.4933,-2.9701,-3.1163,-2.9941,-2.9623
9.2500,-0.6729,-2.8053,-2.8038,0.0000,0.0000,-2.5104,-2.9985,-3.1476,-3.0301,-2.9939
9.2600,-0.7291,-2.8099,-2.8099,0.0000,0.0000,-2.5119,-3.0083,-3.1594,-3.0473,-3.0068
9.2700,-0.7808,-2.7913,-2.7985,0.0000,0.0000,-2.4978,-2.9994,-3.1514,-3.0455,-3.0011
9.2800,-0.8276,-2.7610,-2.7697,0.0000,0.0000,-2.4681,-2.9718,-3.1238,-3.0248,-2.9766
9.2900,-0.8693,-2.7079,-2.7237,0.0000,0.0000,-2.4231,-2.9257,-3.0768,-2.9853,-2.9337
9.3000,-0.9056,-2.6435,-2.6607,0.0000,0.0000,-2.3629,-2.8614,-3.0107,-2.9272,-2.8725
9.3100,-0.9362,-2.5571,-2.5812,0.0000,0.0000,-2.2881,-2.7793,-2.9258,-2.8509,-2.7935
9.3200,-0.9610,-2.4603,-2.4856,0.0000,0.0000,-2.1991,-2.6798,-2.8227,-2.7569,-2.6971
9.3300,-0.9798,-2.3427,-2.3746,0.0000,0.0000,-2.0963,-2.5638,-2.7020,-2.6457,-2.5839
9.3400,-0.9925,-2.2160,-2.2488,0.0000,0.0000,-1.9805,-2.4317,-2.5645,-2.5181,-2.4546
9.3500,-0.9991,-2.0701,-2.1090,0.0000,0.0000,-1.8524,-2.2845,-2.4111,-2.3749,-2.3101
9.3600,-0.9994,-1.9167,-1.9561,0.0000,0.0000,-1.7127,-2.1231,-2.2426,-2.2168,-2.1512
9.3700,-0.9935,-1.7459,-1.7910,0.0000,0.0000,-1.5624,-1.9485,-2.0602,-2.0450,-1.9789
9.3800,-0.9814,-1.5697,-1.6148,0.0000,0.0000,-1.4023,-1.7617,-1.8649,-1.8605,-1.7944
9.3900,-0.9632,-1.3783,-1.4285,0.0000,0.0000,-1.2336,-1.5640,-1.6581,-1.6644,-1.5986
9.4000,-0.9390,-1.1838,-1.2333,0.0000,0.0000,-1.0571,-1.3566,-1.4409,-1.4580,-1.3930
9.4100,-0.9090,-0.9765,-1.0305,0.0000,0.0000,-0.8741,-1.1407,-1.2148,-1.2425,-1.1787
9.4200,-0.8733,-0.7685,-0.8213,0.0000,0.0000,-0.6856,-0.9177,-0.9811,-1.0193,-0.9570
9.4300,-0.8322,-0.5503,-0.6070,0.0000,0.0000,-0.4929,-0.6890,-0.7413,-0.7898,-0.7295
9.4400,-0.7859,-0.3341,-0.3889,0.0000,0.0000,-0.2971,-0.4560,-0.4969,-0.5553,-0.4974
9.4500,-0.7347,-0.1104,-0.1684,0.0000,0.0000,-0.0994,-0.2202,-0.2494,-0.3174,-0.2622
9.4600,-0.6789,0.1086,0.0532,0.0000,0.0000,0.0988,0.0170,-0.0003,-0.0776,-0.0254
9.4700,-0.6189,0.3323,0.2744,0.0000,0.0000,0.2965,0.2541,0.2488,0.1627,0.2116
9.4800,-0.5551,0.5486,0.4939,0.0000,0.0000,0.4923,0.4896,0.4963,0.4020,0.4472
9.4900,-0.4878,0.7667,0.7103,0.0000,0.0000,0.6851,0.7221,0.7407,0.6387,0.6800
9.5000,-0.4175,0.9748,0.9223,0.0000,0.0000,0.8735,0.9501,0.9805,0.8715,0.9086
9.5100,-0.3445,1.1821,1.1285,0.0000,0.0000,1.0566,1.1721,1.2142,1.0988,1.1315
9.5200,-0.2694,1.3768,1.3277,0.0000,0.0000,1.2331,1.3869,1.4404,1.3193,1.3473
9.5300,-0.1927,1.5682,1.5187,0.0000,0.0000,1.4019,1.5930,1.6576,1.5315,1.5548
9.5400,-0.1147,1.7446,1.7001,0.0000,0.0000,1.5619,1.7892,1.8645,1.7342,1.7525
9.5500,-0.0361,1.9153,1.8710,0.0000,0.0000,1.7123,1.9743,2.0597,1.9261,1.9394
9.5600,0.0428,2.0689,2.0303,0.0000,0.0000,1.8520,2.1471,2.2422,2.1060,2.1141
9.5700,0.1214,2.2148,2.1768,0.0000,0.0000,1.9801,2.3065,2.4107,2.2728,2.2757
9.5800,0.1993,2.3418,2.3099,0.0000,0.0000,2.0960,2.4516,2.5642,2.4254,2.4231
9.5900,0.2759,2.4593,2.4285,0.0000,0.0000,2.1988,2.5814,2.7017,2.5628,2.5554
9.6000,0.3509,2.5565,2.5321,0.0000,0.0000,2.2879,2.6952,2.8224,2.6844,2.6718
9.6100,0.4236,2.6428,2.6198,0.0000,0.0000,2.3627,2.7921,2.9256,2.7892,2.7715
9.6200,0.4937,2.7075,2.6913,0.0000,0.0000,2.4229,2.8717,3.0105,2.8766,2.8540
9.6300,0.5607,2.7605,2.7459,0.0000,0.0000,2.4680,2.9334,3.0767,2.9461,2.9187
9.6400,0.6242,2.7913,2.7835,0.0000,0.0000,2.4977,2.9769,3.1238,2.9972,2.9652
9.6500,0.6839,2.8097,2.8038,0.0000,0.0000,2.5119,3.0018,3.1514,3.0297,2.9933
9.6600,0.7393,2.8056,2.8066,0.0000,0.0000,2.5104,3.0081,3.1594,3.0433,3.0027
9.6700,0.7900,2.7890,2.7919,0.0000,0.0000,2.4934,2.9956,3.1477,3.0380,2.9934
9.6800,0.8359,2.7501,2.7598,0.0000,0.0000,2.4608,2.9645,3.1164,3.0137,2.9654
9.6900,0.8766,2.6991,2.7106,0.0000,0.0000,2.4128,2.9149,3.0658,2.9706,2.9190
9.7000,0.9118,2.6263,2.6445,0.0000,0.0000,2.3499,2.8472,2.9960,2.9091,2.8544
9.7100,0.9413,2.5421,2.5619,0.0000,0.0000,2.2723,2.7618,2.9076,2.8294,2.7720
9.7200,0.9650,2.4371,2.4633,0.0000,0.0000,2.1806,2.6591,2.8012,2.7321,2.6724
9.7300,0.9827,2.3219,2.3494,0.0000,0.0000,2.0754,2.5400,2.6772,2.6178,2.5561
9.7400,0.9942,2.1874,2.2209,0.0000,0.0000,1.9572,2.4050,2.5367,2.4872,2.4239
9.7500,0.9996,2.0441,2.0786,0.0000,0.0000,1.8268,2.2550,2.3803,2.3410,2.2766
9.7600,0.9987,1.8832,1.9233,0.0000,0.0000,1.6850,2.0910,2.2091,2.1803,2.1151
9.7700,0.9917,1.7154,1.7560,0.0000,0.0000,1.5328,1.9140,2.0242,2.0060,1.9404
9.7800,0.9784,1.5322,1.5778,0.0000,0.0000,1.3710,1.7251,1.8266,1.8192,1.7537
9.7900,0.9591,1.3442,1.3898,0.0000,0.0000,1.2007,1.5255,1.6177,1.6211,1.5560
9.8000,0.9338,1.1430,1.1931,0.0000,0.0000,1.0229,1.3163,1.3988,1.4129,1.3486
9.8100,0.9027,0.9395,0.9890,0.0000,0.0000,0.8388,1.0990,1.1711,1.1958,1.1328
9.8200,0.8659,0.7255,0.7787,0.0000,0.0000,0.6494,0.8748,0.9361,0.9713,0.9099
9.8300,0.8238,0.5116,0.5636,0.0000,0.0000,0.4560,0.6452,0.6953,0.7407,0.6814
9.8400,0.7766,0.2898,0.3449,0.0000,0.0000,0.2598,0.4115,0.4502,0.5055,0.4486
9.8500,0.7245,0.0710,0.1241,0.0000,0.0000,0.0619,0.1753,0.2023,0.2672,0.2130
9.8600,0.6679,-0.1530,-0.0975,0.0000,0.0000,-0.1363,-0.0620,-0.0469,0.0271,-0.0239
9.8700,0.6071,-0.3714,-0.3185,0.0000,0.0000,-0.3337,-0.2989,-0.2958,-0.2131,-0.2607
9.8800,0.5426,-0.5921,-0.5375,0.0000,0.0000,-0.5291,-0.5339,-0.5428,-0.4520,-0.4959
9.8900,0.4747,-0.8045,-0.7532,0.0000,0.0000,-0.7211,-0.7657,-0.7865,-0.6881,-0.7280
9.9000,0.4038,-1.0165,-0.9642,0.0000,0.0000,-0.9086,-0.9926,-1.0253,-0.9199,-0.9556
9.9100,0.3305,-1.2176,-1.1692,0.0000,0.0000,-1.0905,-1.2134,-1.2577,-1.1461,-1.1773
9.9200,0.2550,-1.4157,-1.3669,0.0000,0.0000,-1.2656,-1.4266,-1.4822,-1.3651,-1.3916
9.9300,0.1780,-1.6004,-1.5561,0.0000,0.0000,-1.4329,-1.6310,-1.6976,-1.5756,-1.5973
9.9400,0.0999,-1.7797,-1.7357,0.0000,0.0000,-1.5912,-1.8252,-1.9023,-1.7763,-1.7931
9.9500,0.0211,-1.9434,-1.9044,0.0000,0.0000,-1.7396,-2.0080,-2.0953,-1.9660,-1.9777
9.9600,-0.0577,-2.0995,-2.0613,0.0000,0.0000,-1.8771,-2.1783,-2.2752,-2.1435,-2.1501
9.9700,-0.1363,-2.2380,-2.2054,0.0000,0.0000,-2.0030,-2.3351,-2.4409,-2.3077,-2.3090
9.9800,-0.2139,-2.3671,-2.3358,0.0000,0.0000,-2.1165,-2.4774,-2.5914,-2.4575,-2.4536
9.9900,-0.2903,-2.4770,-2.4516,0.0000,0.0000,-2.2167,-2.6042,-2.7259,-2.5920,-2.5830
