Time,VIN,VF,Current
0.00016,0.2,0.00206064,0.00145455
0.00032,0.2,0.00504151,0.00276796
0.00048,0.2,0.00860912,0.003962
0.00064,0.2,0.0125731,0.00504252
0.0008,0.2,0.0168053,0.00601599
0.00096,0.2,0.0212122,0.00688899
0.00112,0.2,0.0257227,0.00766816
0.00128,0.2,0.0302811,0.00835997
0.00144,0.2,0.0348436,0.00897077
0.0016,0.2,0.0393753,0.00950664
0.00176,0.2,0.0438483,0.00997343
0.00192,0.2,0.0482408,0.0103767
0.00208,0.2,0.0525352,0.0107217
0.00224,0.2,0.0567183,0.0110135
0.0024,0.2,0.0607798,0.0112567
0.00256,0.2,0.0647122,0.0114558
0.00272,0.2,0.0685104,0.0116148
0.00288,0.2,0.0721709,0.0117375
0.00304,0.2,0.0756922,0.0118277
0.0032,0.2,0.0790738,0.0118885
0.00336,0.2,0.0823163,0.0119231
0.00352,0.2,0.0854214,0.0119342
0.00368,0.2,0.0883915,0.0119245
0.00384,0.2,0.0912294,0.0118964
0.004,0.2,0.0939386,0.0118521
0.00416,0.2,0.096523,0.0117936
0.00432,0.2,0.0989865,0.0117228
0.00448,0.2,0.101334,0.0116413
0.00464,0.2,0.103569,0.0115506
0.0048,0.2,0.105696,0.0114523
0.00496,0.2,0.107721,0.0113474
0.00512,0.2,0.109647,0.0112372
0.00528,0.2,0.111479,0.0111227
0.00544,0.2,0.113222,0.0110047
0.0056,0.2,0.11488,0.0108842
0.00576,0.2,0.116457,0.0107617
0.00592,0.2,0.117958,0.0106381
0.00608,0.2,0.119387,0.0105139
0.00624,0.2,0.120747,0.0103895
0.0064,0.2,0.122042,0.0102654
0.00656,0.2,0.123276,0.010142
0.00672,0.2,0.124452,0.0100197
0.00688,0.2,0.125574,0.00989871
0.00704,0.2,0.126645,0.0097793
0.0072,0.2,0.127667,0.00966168
0.00736,0.2,0.128644,0.00954602
0.00752,0.2,0.129579,0.00943248
0.00768,0.2,0.130473,0.00932116
0.00784,0.2,0.13133,0.00921217
0.008,0.2,0.132151,0.00910556
0.00816,0.2,0.132939,0.00900139
0.00832,0.2,0.133696,0.00889969
0.00848,0.2,0.134424,0.00880048
0.00864,0.2,0.135124,0.00870376
0.0088,0.2,0.135799,0.00860953
0.00896,0.2,0.136449,0.00851776
0.00912,0.2,0.137077,0.00842844
0.00928,0.2,0.137683,0.00834152
0.00944,0.2,0.13827,0.00825697
0.0096,0.2,0.138837,0.00817474
0.00976,0.2,0.139387,0.00809478
0.00992,0.2,0.13992,0.00801704
0.01008,0.2,0.140438,0.00794146
0.01024,0.2,0.140941,0.00786799
0.0104,0.2,0.14143,0.00779655
0.01056,0.2,0.141907,0.00772711
0.01072,0.2,0.14237,0.00765958
0.01088,0.2,0.142823,0.00759392
0.01104,0.2,0.143264,0.00753005
0.0112,0.2,0.143695,0.00746792
0.01136,0.2,0.144116,0.00740747
0.01152,0.2,0.144528,0.00734864
0.01168,0.2,0.144931,0.00729136
0.01184,0.2,0.145326,0.00723559
0.012,0.2,0.145713,0.00718127
0.01216,0.2,0.146092,0.00712834
0.01232,0.2,0.146464,0.00707675
0.01248,0.2,0.146829,0.00702645
0.01264,0.2,0.147188,0.00697738
0.0128,0.2,0.14754,0.00692951
0.01296,0.2,0.147887,0.00688278
0.01312,0.2,0.148227,0.00683716
0.01328,0.2,0.148563,0.00679259
0.01344,0.2,0.148892,0.00674904
0.0136,0.2,0.149217,0.00670646
0.01376,0.2,0.149537,0.00666483
0.01392,0.2,0.149852,0.0066241
0.01408,0.2,0.150162,0.00658423
0.01424,0.2,0.150468,0.0065452
0.0144,0.2,0.15077,0.00650698
0.01456,0.2,0.151068,0.00646953
0.01472,0.2,0.151361,0.00643282
0.01488,0.2,0.151651,0.00639682
0.01504,0.2,0.151937,0.00636152
0.0152,0.2,0.152219,0.00632688
0.01536,0.2,0.152498,0.00629288
0.01552,0.2,0.152773,0.0062595
0.01568,0.2,0.153044,0.00622672
0.01584,0.2,0.153313,0.00619451
0.016,0.2,0.153578,0.00616285
0.01616,0.2,0.153839,0.00613173
0.01632,0.2,0.154098,0.00610113
0.01648,0.2,0.154354,0.00607103
0.01664,0.2,0.154607,0.00604141
0.0168,0.2,0.154857,0.00601226
0.01696,0.2,0.155104,0.00598357
0.01712,0.2,0.155348,0.00595532
0.01728,0.2,0.155589,0.00592749
0.01744,0.2,0.155828,0.00590008
0.0176,0.2,0.156064,0.00587306
0.01776,0.2,0.156298,0.00584644
0.01792,0.2,0.156529,0.0058202
0.01808,0.2,0.156757,0.00579432
0.01824,0.2,0.156983,0.0057688
0.0184,0.2,0.157207,0.00574363
0.01856,0.2,0.157428,0.00571879
0.01872,0.2,0.157647,0.00569429
0.01888,0.2,0.157864,0.00567011
0.01904,0.2,0.158078,0.00564624
0.0192,0.2,0.15829,0.00562267
0.01936,0.2,0.1585,0.0055994
0.01952,0.2,0.158708,0.00557643
0.01968,0.2,0.158914,0.00555373
0.01984,0.2,0.159118,0.00553131
0.02,0.2,0.159319,0.00550917
0.02016,0.2,0.159519,0.00548729
0.02032,0.2,0.159717,0.00546566
0.02048,0.2,0.159912,0.00544429
0.02064,0.2,0.160106,0.00542317
0.0208,0.2,0.160298,0.00540228
0.02096,0.2,0.160488,0.00538164
0.02112,0.2,0.160676,0.00536122
0.02128,0.2,0.160863,0.00534104
0.02144,0.2,0.161047,0.00532108
0.0216,0.2,0.16123,0.00530133
0.02176,0.2,0.161411,0.0052818
0.02192,0.2,0.161591,0.00526248
0.02208,0.2,0.161769,0.00524336
0.02224,0.2,0.161945,0.00522445
0.0224,0.2,0.16212,0.00520574
0.02256,0.2,0.162293,0.00518722
0.02272,0.2,0.162464,0.00516889
0.02288,0.2,0.162634,0.00515075
0.02304,0.2,0.162802,0.00513279
0.0232,0.2,0.162969,0.00511501
0.02336,0.2,0.163134,0.00509741
0.02352,0.2,0.163298,0.00507999
0.02368,0.2,0.16346,0.00506274
0.02384,0.2,0.163621,0.00504566
0.024,0.2,0.163781,0.00502874
0.02416,0.2,0.163939,0.00501199
0.02432,0.2,0.164096,0.00499539
0.02448,0.2,0.164252,0.00497896
0.02464,0.2,0.164406,0.00496268
0.0248,0.2,0.164559,0.00494655
0.02496,0.2,0.16471,0.00493058
0.02512,0.2,0.164861,0.00491475
0.02528,0.2,0.16501,0.00489907
0.02544,0.2,0.165157,0.00488353
0.0256,0.2,0.165304,0.00486814
0.02576,0.2,0.165449,0.00485288
0.02592,0.2,0.165594,0.00483776
0.02608,0.2,0.165737,0.00482277
0.02624,0.2,0.165878,0.00480792
0.0264,0.2,0.166019,0.0047932
0.02656,0.2,0.166159,0.00477861
0.02672,0.2,0.166297,0.00476414
0.02688,0.2,0.166435,0.0047498
0.02704,0.2,0.166571,0.00473559
0.0272,0.2,0.166706,0.00472149
0.02736,0.2,0.166841,0.00470752
0.02752,0.2,0.166974,0.00469366
0.02768,0.2,0.167106,0.00467992
0.02784,0.2,0.167237,0.0046663
0.028,0.2,0.167367,0.00465279
0.02816,0.2,0.167496,0.00463939
0.02832,0.2,0.167624,0.0046261
0.02848,0.2,0.167752,0.00461292
0.02864,0.2,0.167878,0.00459985
0.0288,0.2,0.168003,0.00458688
0.02896,0.2,0.168127,0.00457402
0.02912,0.2,0.168251,0.00456126
0.02928,0.2,0.168373,0.0045486
0.02944,0.2,0.168495,0.00453604
0.0296,0.2,0.168616,0.00452358
0.02976,0.2,0.168736,0.00451122
0.02992,0.2,0.168855,0.00449895
0.03008,0.2,0.168973,0.00448678
0.03024,0.2,0.16909,0.00447471
0.0304,0.2,0.169207,0.00446272
0.03056,0.2,0.169322,0.00445083
0.03072,0.2,0.169437,0.00443903
0.03088,0.2,0.169551,0.00442732
0.03104,0.2,0.169665,0.00441569
0.0312,0.2,0.169777,0.00440415
0.03136,0.2,0.169889,0.0043927
0.03152,0.2,0.17,0.00438133
0.03168,0.2,0.17011,0.00437005
0.03184,0.2,0.170219,0.00435885
0.032,0.2,0.170328,0.00434773
0.03216,0.2,0.170436,0.00433669
0.03232,0.2,0.170543,0.00432573
0.03248,0.2,0.17065,0.00431485
0.03264,0.2,0.170755,0.00430405
0.0328,0.2,0.170861,0.00429332
0.03296,0.2,0.170965,0.00428268
0.03312,0.2,0.171069,0.0042721
0.03328,0.2,0.171172,0.0042616
0.03344,0.2,0.171274,0.00425117
0.0336,0.2,0.171376,0.00424082
0.03376,0.2,0.171477,0.00423054
0.03392,0.2,0.171577,0.00422033
0.03408,0.2,0.171677,0.00421018
0.03424,0.2,0.171776,0.00420011
0.0344,0.2,0.171875,0.00419011
0.03456,0.2,0.171972,0.00418017
0.03472,0.2,0.17207,0.0041703
0.03488,0.2,0.172166,0.0041605
0.03504,0.2,0.172262,0.00415076
0.0352,0.2,0.172358,0.00414108
0.03536,0.2,0.172453,0.00413147
0.03552,0.2,0.172547,0.00412193
0.03568,0.2,0.17264,0.00411244
0.03584,0.2,0.172734,0.00410302
0.036,0.2,0.172826,0.00409366
0.03616,0.2,0.172918,0.00408436
0.03632,0.2,0.17301,0.00407512
0.03648,0.2,0.1731,0.00406594
0.03664,0.2,0.173191,0.00405682
0.0368,0.2,0.17328,0.00404775
0.03696,0.2,0.17337,0.00403875
0.03712,0.2,0.173458,0.0040298
0.03728,0.2,0.173547,0.0040209
0.03744,0.2,0.173634,0.00401206
0.0376,0.2,0.173721,0.00400328
0.03776,0.2,0.173808,0.00399455
0.03792,0.2,0.173894,0.00398588
0.03808,0.2,0.17398,0.00397725
0.03824,0.2,0.174065,0.00396868
0.0384,0.2,0.17415,0.00396017
0.03856,0.2,0.174234,0.0039517
0.03872,0.2,0.174318,0.00394329
0.03888,0.2,0.174401,0.00393493
0.03904,0.2,0.174484,0.00392661
0.0392,0.2,0.174566,0.00391835
0.03936,0.2,0.174648,0.00391014
0.03952,0.2,0.174729,0.00390197
0.03968,0.2,0.17481,0.00389385
0.03984,0.2,0.17489,0.00388578
0.04,0.2,0.17497,0.00387776
0.04016,0.2,0.17505,0.00386979
0.04032,0.2,0.175129,0.00386186
0.04048,0.2,0.175208,0.00385397
0.04064,0.2,0.175286,0.00384614
0.0408,0.2,0.175364,0.00383834
0.04096,0.2,0.175441,0.0038306
0.04112,0.2,0.175518,0.00382289
0.04128,0.2,0.175595,0.00381523
0.04144,0.2,0.175671,0.00380762
0.0416,0.2,0.175747,0.00380004
0.04176,0.2,0.175822,0.00379251
0.04192,0.2,0.175897,0.00378502
0.04208,0.2,0.175972,0.00377757
0.04224,0.2,0.176046,0.00377017
0.0424,0.2,0.17612,0.0037628
0.04256,0.2,0.176193,0.00375548
0.04272,0.2,0.176266,0.0037482
0.04288,0.2,0.176339,0.00374095
0.04304,0.2,0.176411,0.00373375
0.0432,0.2,0.176483,0.00372658
0.04336,0.2,0.176554,0.00371946
0.04352,0.2,0.176626,0.00371237
0.04368,0.2,0.176696,0.00370532
0.04384,0.2,0.176767,0.00369831
0.044,0.2,0.176837,0.00369133
0.04416,0.2,0.176907,0.00368439
0.04432,0.2,0.176976,0.00367749
0.04448,0.2,0.177045,0.00367063
0.04464,0.2,0.177114,0.0036638
0.0448,0.2,0.177182,0.00365701
0.04496,0.2,0.17725,0.00365025
0.04512,0.2,0.177318,0.00364353
0.04528,0.2,0.177385,0.00363684
0.04544,0.2,0.177452,0.00363019
0.0456,0.2,0.177518,0.00362357
0.04576,0.2,0.177585,0.00361699
0.04592,0.2,0.177651,0.00361044
0.04608,0.2,0.177716,0.00360392
0.04624,0.2,0.177782,0.00359744
0.0464,0.2,0.177847,0.00359099
0.04656,0.2,0.177912,0.00358457
0.04672,0.2,0.177976,0.00357819
0.04688,0.2,0.17804,0.00357183
0.04704,0.2,0.178104,0.00356551
0.0472,0.2,0.178167,0.00355922
0.04736,0.2,0.178231,0.00355296
0.04752,0.2,0.178294,0.00354674
0.04768,0.2,0.178356,0.00354054
0.04784,0.2,0.178418,0.00353437
0.048,0.2,0.17848,0.00352824
0.04816,0.2,0.178542,0.00352213
0.04832,0.2,0.178604,0.00351605
0.04848,0.2,0.178665,0.00351001
0.04864,0.2,0.178726,0.00350399
0.0488,0.2,0.178786,0.003498
0.04896,0.2,0.178847,0.00349204
0.04912,0.2,0.178907,0.00348611
0.04928,0.2,0.178966,0.00348021
0.04944,0.2,0.179026,0.00347433
0.0496,0.2,0.179085,0.00346849
0.04976,0.2,0.179144,0.00346267
0.04992,0.2,0.179203,0.00345687
0.05008,0.2,0.179261,0.00345111
0.05024,0.2,0.179319,0.00344537
0.0504,0.2,0.179377,0.00343966
0.05056,0.2,0.179435,0.00343398
0.05072,0.2,0.179492,0.00342832
0.05088,0.2,0.179549,0.00342269
0.05104,0.2,0.179606,0.00341709
0.0512,0.2,0.179663,0.00341151
0.05136,0.2,0.179719,0.00340595
0.05152,0.2,0.179775,0.00340043
0.05168,0.2,0.179831,0.00339492
0.05184,0.2,0.179887,0.00338945
0.052,0.2,0.179942,0.00338399
0.05216,0.2,0.179997,0.00337857
0.05232,0.2,0.180052,0.00337316
0.05248,0.2,0.180107,0.00336778
0.05264,0.2,0.180161,0.00336243
0.0528,0.2,0.180215,0.0033571
0.05296,0.2,0.180269,0.00335179
0.05312,0.2,0.180323,0.00334651
0.05328,0.2,0.180377,0.00334125
0.05344,0.2,0.18043,0.00333601
0.0536,0.2,0.180483,0.0033308
0.05376,0.2,0.180536,0.0033256
0.05392,0.2,0.180588,0.00332044
0.05408,0.2,0.180641,0.00331529
0.05424,0.2,0.180693,0.00331017
0.0544,0.2,0.180745,0.00330507
0.05456,0.2,0.180797,0.00329999
0.05472,0.2,0.180848,0.00329493
0.05488,0.2,0.180899,0.0032899
0.05504,0.2,0.18095,0.00328488
0.0552,0.2,0.181001,0.00327989
0.05536,0.2,0.181052,0.00327492
0.05552,0.2,0.181102,0.00326997
0.05568,0.2,0.181153,0.00326504
0.05584,0.2,0.181203,0.00326014
0.056,0.2,0.181253,0.00325525
0.05616,0.2,0.181302,0.00325038
0.05632,0.2,0.181352,0.00324554
0.05648,0.2,0.181401,0.00324071
0.05664,0.2,0.18145,0.00323591
0.0568,0.2,0.181499,0.00323112
0.05696,0.2,0.181547,0.00322636
0.05712,0.2,0.181596,0.00322161
0.05728,0.2,0.181644,0.00321689
0.05744,0.2,0.181692,0.00321218
0.0576,0.2,0.18174,0.00320749
0.05776,0.2,0.181788,0.00320283
0.05792,0.2,0.181835,0.00319818
0.05808,0.2,0.181883,0.00319355
0.05824,0.2,0.18193,0.00318894
0.0584,0.2,0.181977,0.00318434
0.05856,0.2,0.182023,0.00317977
0.05872,0.2,0.18207,0.00317522
0.05888,0.2,0.182116,0.00317068
0.05904,0.2,0.182163,0.00316616
0.0592,0.2,0.182209,0.00316166
0.05936,0.2,0.182255,0.00315718
0.05952,0.2,0.1823,0.00315271
0.05968,0.2,0.182346,0.00314827
0.05984,0.2,0.182391,0.00314384
0.06,0.2,0.182436,0.00313943
0.06016,0.2,0.182481,0.00313503
0.06032,0.2,0.182526,0.00313066
0.06048,0.2,0.182571,0.0031263
0.06064,0.2,0.182615,0.00312195
0.0608,0.2,0.18266,0.00311763
0.06096,0.2,0.182704,0.00311332
0.06112,0.2,0.182748,0.00310903
0.06128,0.2,0.182792,0.00310475
0.06144,0.2,0.182835,0.00310049
0.0616,0.2,0.182879,0.00309625
0.06176,0.2,0.182922,0.00309203
0.06192,0.2,0.182965,0.00308782
0.06208,0.2,0.183008,0.00308362
0.06224,0.2,0.183051,0.00307944
0.0624,0.2,0.183094,0.00307528
0.06256,0.2,0.183136,0.00307114
0.06272,0.2,0.183179,0.00306701
0.06288,0.2,0.183221,0.00306289
0.06304,0.2,0.183263,0.00305879
0.0632,0.2,0.183305,0.00305471
0.06336,0.2,0.183347,0.00305064
0.06352,0.2,0.183388,0.00304659
0.06368,0.2,0.18343,0.00304255
0.06384,0.2,0.183471,0.00303852
0.064,0.2,0.183512,0.00303452
0.06416,0.2,0.183553,0.00303052
0.06432,0.2,0.183594,0.00302655
0.06448,0.2,0.183635,0.00302258
0.06464,0.2,0.183675,0.00301863
0.0648,0.2,0.183716,0.0030147
0.06496,0.2,0.183756,0.00301078
0.06512,0.2,0.183796,0.00300687
0.06528,0.2,0.183836,0.00300298
0.06544,0.2,0.183876,0.0029991
0.0656,0.2,0.183916,0.00299524
0.06576,0.2,0.183956,0.00299139
0.06592,0.2,0.183995,0.00298755
0.06608,0.2,0.184034,0.00298373
0.06624,0.2,0.184073,0.00297992
0.0664,0.2,0.184113,0.00297613
0.06656,0.2,0.184151,0.00297235
0.06672,0.2,0.18419,0.00296858
0.06688,0.2,0.184229,0.00296483
0.06704,0.2,0.184267,0.00296109
0.0672,0.2,0.184306,0.00295736
0.06736,0.2,0.184344,0.00295364
0.06752,0.2,0.184382,0.00294994
0.06768,0.2,0.18442,0.00294625
0.06784,0.2,0.184458,0.00294258
0.068,0.2,0.184496,0.00293892
0.06816,0.2,0.184533,0.00293527
0.06832,0.2,0.184571,0.00293163
0.06848,0.2,0.184608,0.00292801
0.06864,0.2,0.184645,0.0029244
0.0688,0.2,0.184682,0.0029208
0.06896,0.2,0.184719,0.00291721
0.06912,0.2,0.184756,0.00291364
0.06928,0.2,0.184793,0.00291007
0.06944,0.2,0.184829,0.00290653
0.0696,0.2,0.184866,0.00290299
0.06976,0.2,0.184902,0.00289946
0.06992,0.2,0.184939,0.00289595
0.07008,0.2,0.184975,0.00289245
0.07024,0.2,0.185011,0.00288896
0.0704,0.2,0.185047,0.00288548
0.07056,0.2,0.185082,0.00288201
0.07072,0.2,0.185118,0.00287856
0.07088,0.2,0.185153,0.00287512
0.07104,0.2,0.185189,0.00287169
0.0712,0.2,0.185224,0.00286827
0.07136,0.2,0.185259,0.00286486
0.07152,0.2,0.185294,0.00286146
0.07168,0.2,0.185329,0.00285808
0.07184,0.2,0.185364,0.0028547
0.072,0.2,0.185399,0.00285134
0.07216,0.2,0.185434,0.00284799
0.07232,0.2,0.185468,0.00284465
0.07248,0.2,0.185502,0.00284132
0.07264,0.2,0.185537,0.002838
0.0728,0.2,0.185571,0.00283469
0.07296,0.2,0.185605,0.00283139
0.07312,0.2,0.185639,0.00282811
0.07328,0.2,0.185673,0.00282483
0.07344,0.2,0.185707,0.00282157
0.0736,0.2,0.18574,0.00281831
0.07376,0.2,0.185774,0.00281507
0.07392,0.2,0.185807,0.00281184
0.07408,0.2,0.18584,0.00280861
0.07424,0.2,0.185874,0.0028054
0.0744,0.2,0.185907,0.0028022
0.07456,0.2,0.18594,0.00279901
0.07472,0.2,0.185973,0.00279583
0.07488,0.2,0.186006,0.00279265
0.07504,0.2,0.186038,0.00278949
0.0752,0.2,0.186071,0.00278634
0.07536,0.2,0.186103,0.0027832
0.07552,0.2,0.186136,0.00278007
0.07568,0.2,0.186168,0.00277695
0.07584,0.2,0.1862,0.00277384
0.076,0.2,0.186232,0.00277073
0.07616,0.2,0.186264,0.00276764
0.07632,0.2,0.186296,0.00276456
0.07648,0.2,0.186328,0.00276149
0.07664,0.2,0.18636,0.00275842
0.0768,0.2,0.186391,0.00275537
0.07696,0.2,0.186423,0.00275232
0.07712,0.2,0.186454,0.00274929
0.07728,0.2,0.186486,0.00274626
0.07744,0.2,0.186517,0.00274325
0.0776,0.2,0.186548,0.00274024
0.07776,0.2,0.186579,0.00273724
0.07792,0.2,0.18661,0.00273426
0.07808,0.2,0.186641,0.00273128
0.07824,0.2,0.186672,0.00272831
0.0784,0.2,0.186702,0.00272535
0.07856,0.2,0.186733,0.00272239
0.07872,0.2,0.186764,0.00271945
0.07888,0.2,0.186794,0.00271652
0.07904,0.2,0.186824,0.00271359
0.0792,0.2,0.186854,0.00271068
0.07936,0.2,0.186885,0.00270777
0.07952,0.2,0.186915,0.00270487
0.07968,0.2,0.186945,0.00270198
0.07984,0.2,0.186975,0.0026991
0.08,0.2,0.187004,0.00269623
0.08016,0.2,0.187034,0.00269336
0.08032,0.2,0.187064,0.00269051
0.08048,0.2,0.187093,0.00268766
0.08064,0.2,0.187123,0.00268482
0.0808,0.2,0.187152,0.00268199
0.08096,0.2,0.187181,0.00267917
0.08112,0.2,0.18721,0.00267636
0.08128,0.2,0.18724,0.00267355
0.08144,0.2,0.187269,0.00267075
0.0816,0.2,0.187298,0.00266797
0.08176,0.2,0.187326,0.00266518
0.08192,0.2,0.187355,0.00266241
0.08208,0.2,0.187384,0.00265965
0.08224,0.2,0.187413,0.00265689
0.0824,0.2,0.187441,0.00265414
0.08256,0.2,0.187469,0.0026514
0.08272,0.2,0.187498,0.00264867
0.08288,0.2,0.187526,0.00264595
0.08304,0.2,0.187554,0.00264323
0.0832,0.2,0.187583,0.00264052
0.08336,0.2,0.187611,0.00263782
0.08352,0.2,0.187639,0.00263513
0.08368,0.2,0.187666,0.00263244
0.08384,0.2,0.187694,0.00262977
0.084,0.2,0.187722,0.0026271
0.08416,0.2,0.18775,0.00262443
0.08432,0.2,0.187777,0.00262178
0.08448,0.2,0.187805,0.00261913
0.08464,0.2,0.187832,0.00261649
0.0848,0.2,0.18786,0.00261386
0.08496,0.2,0.187887,0.00261123
0.08512,0.2,0.187914,0.00260862
0.08528,0.2,0.187941,0.00260601
0.08544,0.2,0.187968,0.0026034
0.0856,0.2,0.187995,0.00260081
0.08576,0.2,0.188022,0.00259822
0.08592,0.2,0.188049,0.00259564
0.08608,0.2,0.188076,0.00259306
0.08624,0.2,0.188102,0.0025905
0.0864,0.2,0.188129,0.00258794
0.08656,0.2,0.188156,0.00258539
0.08672,0.2,0.188182,0.00258284
0.08688,0.2,0.188209,0.0025803
0.08704,0.2,0.188235,0.00257777
0.0872,0.2,0.188261,0.00257525
0.08736,0.2,0.188287,0.00257273
0.08752,0.2,0.188313,0.00257022
0.08768,0.2,0.188339,0.00256772
0.08784,0.2,0.188365,0.00256522
0.088,0.2,0.188391,0.00256273
0.08816,0.2,0.188417,0.00256025
0.08832,0.2,0.188443,0.00255777
0.08848,0.2,0.188469,0.0025553
0.08864,0.2,0.188494,0.00255284
0.0888,0.2,0.18852,0.00255038
0.08896,0.2,0.188545,0.00254793
0.08912,0.2,0.188571,0.00254549
0.08928,0.2,0.188596,0.00254305
0.08944,0.2,0.188622,0.00254062
0.0896,0.2,0.188647,0.0025382
0.08976,0.2,0.188672,0.00253578
0.08992,0.2,0.188697,0.00253337
0.09008,0.2,0.188722,0.00253097
0.09024,0.2,0.188747,0.00252857
0.0904,0.2,0.188772,0.00252618
0.09056,0.2,0.188797,0.00252379
0.09072,0.2,0.188822,0.00252141
0.09088,0.2,0.188846,0.00251904
0.09104,0.2,0.188871,0.00251668
0.0912,0.2,0.188896,0.00251432
0.09136,0.2,0.18892,0.00251196
0.09152,0.2,0.188945,0.00250962
0.09168,0.2,0.188969,0.00250727
0.09184,0.2,0.188993,0.00250494
0.092,0.2,0.189018,0.00250261
0.09216,0.2,0.189042,0.00250029
0.09232,0.2,0.189066,0.00249797
0.09248,0.2,0.18909,0.00249566
0.09264,0.2,0.189114,0.00249336
0.0928,0.2,0.189138,0.00249106
0.09296,0.2,0.189162,0.00248876
0.09312,0.2,0.189186,0.00248648
0.09328,0.2,0.18921,0.0024842
0.09344,0.2,0.189233,0.00248192
0.0936,0.2,0.189257,0.00247965
0.09376,0.2,0.189281,0.00247739
0.09392,0.2,0.189304,0.00247513
0.09408,0.2,0.189328,0.00247288
0.09424,0.2,0.189351,0.00247063
0.0944,0.2,0.189374,0.00246839
0.09456,0.2,0.189398,0.00246616
0.09472,0.2,0.189421,0.00246393
0.09488,0.2,0.189444,0.0024617
0.09504,0.2,0.189467,0.00245949
0.0952,0.2,0.18949,0.00245727
0.09536,0.2,0.189513,0.00245507
0.09552,0.2,0.189536,0.00245287
0.09568,0.2,0.189559,0.00245067
0.09584,0.2,0.189582,0.00244848
0.096,0.2,0.189605,0.0024463
0.09616,0.2,0.189628,0.00244412
0.09632,0.2,0.18965,0.00244194
0.09648,0.2,0.189673,0.00243978
0.09664,0.2,0.189696,0.00243761
0.0968,0.2,0.189718,0.00243546
0.09696,0.2,0.189741,0.0024333
0.09712,0.2,0.189763,0.00243116
0.09728,0.2,0.189785,0.00242902
0.09744,0.2,0.189808,0.00242688
0.0976,0.2,0.18983,0.00242475
0.09776,0.2,0.189852,0.00242262
0.09792,0.2,0.189874,0.0024205
0.09808,0.2,0.189896,0.00241839
0.09824,0.2,0.189918,0.00241628
0.0984,0.2,0.18994,0.00241418
0.09856,0.2,0.189962,0.00241208
0.09872,0.2,0.189984,0.00240998
0.09888,0.2,0.190006,0.00240789
0.09904,0.2,0.190028,0.00240581
0.0992,0.2,0.19005,0.00240373
0.09936,0.2,0.190071,0.00240165
0.09952,0.2,0.190093,0.00239959
0.09968,0.2,0.190114,0.00239752
0.09984,0.2,0.190136,0.00239546
0.1,0.2,0.190157,0.00239341
0.10016,0.2,0.190179,0.00239136
0.10032,0.2,0.1902,0.00238932
0.10048,0.2,0.190222,0.00238728
0.10064,0.2,0.190243,0.00238524
0.1008,0.2,0.190264,0.00238321
0.10096,0.2,0.190285,0.00238119
0.10112,0.2,0.190306,0.00237917
0.10128,0.2,0.190327,0.00237715
0.10144,0.2,0.190348,0.00237514
0.1016,0.2,0.190369,0.00237314
0.10176,0.2,0.19039,0.00237114
0.10192,0.2,0.190411,0.00236914
0.10208,0.2,0.190432,0.00236715
0.10224,0.2,0.190453,0.00236516
0.1024,0.2,0.190474,0.00236318
0.10256,0.2,0.190494,0.0023612
0.10272,0.2,0.190515,0.00235923
0.10288,0.2,0.190535,0.00235726
0.10304,0.2,0.190556,0.0023553
0.1032,0.2,0.190576,0.00235334
0.10336,0.2,0.190597,0.00235139
0.10352,0.2,0.190617,0.00234944
0.10368,0.2,0.190638,0.00234749
0.10384,0.2,0.190658,0.00234555
0.104,0.2,0.190678,0.00234361
0.10416,0.2,0.190698,0.00234168
0.10432,0.2,0.190719,0.00233976
0.10448,0.2,0.190739,0.00233783
0.10464,0.2,0.190759,0.00233592
0.1048,0.2,0.190779,0.002334
0.10496,0.2,0.190799,0.00233209
0.10512,0.2,0.190819,0.00233019
0.10528,0.2,0.190839,0.00232829
0.10544,0.2,0.190858,0.00232639
0.1056,0.2,0.190878,0.0023245
0.10576,0.2,0.190898,0.00232261
0.10592,0.2,0.190918,0.00232073
0.10608,0.2,0.190937,0.00231885
0.10624,0.2,0.190957,0.00231697
0.1064,0.2,0.190977,0.0023151
0.10656,0.2,0.190996,0.00231324
0.10672,0.2,0.191016,0.00231138
0.10688,0.2,0.191035,0.00230952
0.10704,0.2,0.191055,0.00230766
0.1072,0.2,0.191074,0.00230581
0.10736,0.2,0.191093,0.00230397
0.10752,0.2,0.191113,0.00230213
0.10768,0.2,0.191132,0.00230029
0.10784,0.2,0.191151,0.00229846
0.108,0.2,0.19117,0.00229663
0.10816,0.2,0.191189,0.0022948
0.10832,0.2,0.191208,0.00229298
0.10848,0.2,0.191227,0.00229117
0.10864,0.2,0.191246,0.00228935
0.1088,0.2,0.191265,0.00228755
0.10896,0.2,0.191284,0.00228574
0.10912,0.2,0.191303,0.00228394
0.10928,0.2,0.191322,0.00228214
0.10944,0.2,0.191341,0.00228035
0.1096,0.2,0.191359,0.00227856
0.10976,0.2,0.191378,0.00227678
0.10992,0.2,0.191397,0.002275
0.11008,0.2,0.191415,0.00227322
0.11024,0.2,0.191434,0.00227145
0.1104,0.2,0.191453,0.00226968
0.11056,0.2,0.191471,0.00226791
0.11072,0.2,0.19149,0.00226615
0.11088,0.2,0.191508,0.0022644
0.11104,0.2,0.191526,0.00226264
0.1112,0.2,0.191545,0.00226089
0.11136,0.2,0.191563,0.00225915
0.11152,0.2,0.191581,0.0022574
0.11168,0.2,0.1916,0.00225567
0.11184,0.2,0.191618,0.00225393
0.112,0.2,0.191636,0.0022522
0.11216,0.2,0.191654,0.00225047
0.11232,0.2,0.191672,0.00224875
0.11248,0.2,0.19169,0.00224703
0.11264,0.2,0.191708,0.00224531
0.1128,0.2,0.191726,0.0022436
0.11296,0.2,0.191744,0.00224189
0.11312,0.2,0.191762,0.00224019
0.11328,0.2,0.19178,0.00223849
0.11344,0.2,0.191798,0.00223679
0.1136,0.2,0.191815,0.00223509
0.11376,0.2,0.191833,0.0022334
0.11392,0.2,0.191851,0.00223172
0.11408,0.2,0.191868,0.00223003
0.11424,0.2,0.191886,0.00222835
0.1144,0.2,0.191904,0.00222668
0.11456,0.2,0.191921,0.002225
0.11472,0.2,0.191939,0.00222333
0.11488,0.2,0.191956,0.00222167
0.11504,0.2,0.191974,0.00222001
0.1152,0.2,0.191991,0.00221835
0.11536,0.2,0.192008,0.00221669
0.11552,0.2,0.192026,0.00221504
0.11568,0.2,0.192043,0.00221339
0.11584,0.2,0.19206,0.00221175
0.116,0.2,0.192077,0.00221011
0.11616,0.2,0.192095,0.00220847
0.11632,0.2,0.192112,0.00220683
0.11648,0.2,0.192129,0.0022052
0.11664,0.2,0.192146,0.00220358
0.1168,0.2,0.192163,0.00220195
0.11696,0.2,0.19218,0.00220033
0.11712,0.2,0.192197,0.00219871
0.11728,0.2,0.192214,0.0021971
0.11744,0.2,0.192231,0.00219549
0.1176,0.2,0.192248,0.00219388
0.11776,0.2,0.192265,0.00219227
0.11792,0.2,0.192282,0.00219067
0.11808,0.2,0.192298,0.00218908
0.11824,0.2,0.192315,0.00218748
0.1184,0.2,0.192332,0.00218589
0.11856,0.2,0.192348,0.0021843
0.11872,0.2,0.192365,0.00218272
0.11888,0.2,0.192382,0.00218114
0.11904,0.2,0.192398,0.00217956
0.1192,0.2,0.192415,0.00217798
0.11936,0.2,0.192431,0.00217641
0.11952,0.2,0.192448,0.00217484
0.11968,0.2,0.192464,0.00217328
0.11984,0.2,0.192481,0.00217171
0.12,0.2,0.192497,0.00217015
0.12016,0.2,0.192513,0.0021686
0.12032,0.2,0.19253,0.00216704
0.12048,0.2,0.192546,0.0021655
0.12064,0.2,0.192562,0.00216395
0.1208,0.2,0.192578,0.0021624
0.12096,0.2,0.192595,0.00216086
0.12112,0.2,0.192611,0.00215933
0.12128,0.2,0.192627,0.00215779
0.12144,0.2,0.192643,0.00215626
0.1216,0.2,0.192659,0.00215473
0.12176,0.2,0.192675,0.00215321
0.12192,0.2,0.192691,0.00215169
0.12208,0.2,0.192707,0.00215017
0.12224,0.2,0.192723,0.00214865
0.1224,0.2,0.192739,0.00214714
0.12256,0.2,0.192755,0.00214563
0.12272,0.2,0.192771,0.00214412
0.12288,0.2,0.192786,0.00214262
0.12304,0.2,0.192802,0.00214111
0.1232,0.2,0.192818,0.00213962
0.12336,0.2,0.192834,0.00213812
0.12352,0.2,0.192849,0.00213663
0.12368,0.2,0.192865,0.00213514
0.12384,0.2,0.192881,0.00213365
0.124,0.2,0.192896,0.00213217
0.12416,0.2,0.192912,0.00213069
0.12432,0.2,0.192927,0.00212921
0.12448,0.2,0.192943,0.00212773
0.12464,0.2,0.192958,0.00212626
0.1248,0.2,0.192974,0.00212479
0.12496,0.2,0.192989,0.00212333
0.12512,0.2,0.193005,0.00212186
0.12528,0.2,0.19302,0.0021204
0.12544,0.2,0.193035,0.00211895
0.1256,0.2,0.193051,0.00211749
0.12576,0.2,0.193066,0.00211604
0.12592,0.2,0.193081,0.00211459
0.12608,0.2,0.193096,0.00211314
0.12624,0.2,0.193112,0.0021117
0.1264,0.2,0.193127,0.00211026
0.12656,0.2,0.193142,0.00210882
0.12672,0.2,0.193157,0.00210738
0.12688,0.2,0.193172,0.00210595
0.12704,0.2,0.193187,0.00210452
0.1272,0.2,0.193202,0.00210309
0.12736,0.2,0.193217,0.00210167
0.12752,0.2,0.193232,0.00210025
0.12768,0.2,0.193247,0.00209883
0.12784,0.2,0.193262,0.00209741
0.128,0.2,0.193277,0.002096
0.12816,0.2,0.193292,0.00209458
0.12832,0.2,0.193306,0.00209318
0.12848,0.2,0.193321,0.00209177
0.12864,0.2,0.193336,0.00209037
0.1288,0.2,0.193351,0.00208897
0.12896,0.2,0.193365,0.00208757
0.12912,0.2,0.19338,0.00208617
0.12928,0.2,0.193395,0.00208478
0.12944,0.2,0.193409,0.00208339
0.1296,0.2,0.193424,0.002082
0.12976,0.2,0.193439,0.00208062
0.12992,0.2,0.193453,0.00207924
0.13008,0.2,0.193468,0.00207786
0.13024,0.2,0.193482,0.00207648
0.1304,0.2,0.193497,0.0020751
0.13056,0.2,0.193511,0.00207373
0.13072,0.2,0.193526,0.00207236
0.13088,0.2,0.19354,0.002071
0.13104,0.2,0.193554,0.00206963
0.1312,0.2,0.193569,0.00206827
0.13136,0.2,0.193583,0.00206691
0.13152,0.2,0.193597,0.00206555
0.13168,0.2,0.193612,0.0020642
0.13184,0.2,0.193626,0.00206285
0.132,0.2,0.19364,0.0020615
0.13216,0.2,0.193654,0.00206015
0.13232,0.2,0.193668,0.00205881
0.13248,0.2,0.193682,0.00205747
0.13264,0.2,0.193697,0.00205613
0.1328,0.2,0.193711,0.00205479
0.13296,0.2,0.193725,0.00205345
0.13312,0.2,0.193739,0.00205212
0.13328,0.2,0.193753,0.00205079
0.13344,0.2,0.193767,0.00204946
0.1336,0.2,0.193781,0.00204814
0.13376,0.2,0.193795,0.00204682
0.13392,0.2,0.193808,0.0020455
0.13408,0.2,0.193822,0.00204418
0.13424,0.2,0.193836,0.00204286
0.1344,0.2,0.19385,0.00204155
0.13456,0.2,0.193864,0.00204024
0.13472,0.2,0.193878,0.00203893
0.13488,0.2,0.193891,0.00203763
0.13504,0.2,0.193905,0.00203632
0.1352,0.2,0.193919,0.00203502
0.13536,0.2,0.193933,0.00203372
0.13552,0.2,0.193946,0.00203243
0.13568,0.2,0.19396,0.00203113
0.13584,0.2,0.193973,0.00202984
0.136,0.2,0.193987,0.00202855
0.13616,0.2,0.194001,0.00202726
0.13632,0.2,0.194014,0.00202598
0.13648,0.2,0.194028,0.0020247
0.13664,0.2,0.194041,0.00202342
0.1368,0.2,0.194055,0.00202214
0.13696,0.2,0.194068,0.00202086
0.13712,0.2,0.194082,0.00201959
0.13728,0.2,0.194095,0.00201832
0.13744,0.2,0.194108,0.00201705
0.1376,0.2,0.194122,0.00201578
0.13776,0.2,0.194135,0.00201452
0.13792,0.2,0.194148,0.00201326
0.13808,0.2,0.194162,0.002012
0.13824,0.2,0.194175,0.00201074
0.1384,0.2,0.194188,0.00200948
0.13856,0.2,0.194201,0.00200823
0.13872,0.2,0.194214,0.00200698
0.13888,0.2,0.194228,0.00200573
0.13904,0.2,0.194241,0.00200448
0.1392,0.2,0.194254,0.00200324
0.13936,0.2,0.194267,0.00200199
0.13952,0.2,0.19428,0.00200075
0.13968,0.2,0.194293,0.00199952
0.13984,0.2,0.194306,0.00199828
0.14,0.2,0.194319,0.00199705
0.14016,0.2,0.194332,0.00199581
0.14032,0.2,0.194345,0.00199458
0.14048,0.2,0.194358,0.00199336
0.14064,0.2,0.194371,0.00199213
0.1408,0.2,0.194384,0.00199091
0.14096,0.2,0.194397,0.00198969
0.14112,0.2,0.19441,0.00198847
0.14128,0.2,0.194422,0.00198725
0.14144,0.2,0.194435,0.00198604
0.1416,0.2,0.194448,0.00198482
0.14176,0.2,0.194461,0.00198361
0.14192,0.2,0.194474,0.0019824
0.14208,0.2,0.194486,0.0019812
0.14224,0.2,0.194499,0.00197999
0.1424,0.2,0.194512,0.00197879
0.14256,0.2,0.194524,0.00197759
0.14272,0.2,0.194537,0.00197639
0.14288,0.2,0.19455,0.0019752
0.14304,0.2,0.194562,0.001974
0.1432,0.2,0.194575,0.00197281
0.14336,0.2,0.194587,0.00197162
0.14352,0.2,0.1946,0.00197043
0.14368,0.2,0.194612,0.00196924
0.14384,0.2,0.194625,0.00196806
0.144,0.2,0.194637,0.00196688
0.14416,0.2,0.19465,0.0019657
0.14432,0.2,0.194662,0.00196452
0.14448,0.2,0.194675,0.00196334
0.14464,0.2,0.194687,0.00196217
0.1448,0.2,0.194699,0.001961
0.14496,0.2,0.194712,0.00195983
0.14512,0.2,0.194724,0.00195866
0.14528,0.2,0.194736,0.00195749
0.14544,0.2,0.194749,0.00195633
0.1456,0.2,0.194761,0.00195517
0.14576,0.2,0.194773,0.00195401
0.14592,0.2,0.194785,0.00195285
0.14608,0.2,0.194798,0.00195169
0.14624,0.2,0.19481,0.00195054
0.1464,0.2,0.194822,0.00194938
0.14656,0.2,0.194834,0.00194823
0.14672,0.2,0.194846,0.00194708
0.14688,0.2,0.194858,0.00194594
0.14704,0.2,0.194871,0.00194479
0.1472,0.2,0.194883,0.00194365
0.14736,0.2,0.194895,0.00194251
0.14752,0.2,0.194907,0.00194137
0.14768,0.2,0.194919,0.00194023
0.14784,0.2,0.194931,0.00193909
0.148,0.2,0.194943,0.00193796
0.14816,0.2,0.194955,0.00193683
0.14832,0.2,0.194967,0.0019357
0.14848,0.2,0.194978,0.00193457
0.14864,0.2,0.19499,0.00193344
0.1488,0.2,0.195002,0.00193232
0.14896,0.2,0.195014,0.00193119
0.14912,0.2,0.195026,0.00193007
0.14928,0.2,0.195038,0.00192895
0.14944,0.2,0.195049,0.00192784
0.1496,0.2,0.195061,0.00192672
0.14976,0.2,0.195073,0.00192561
0.14992,0.2,0.195085,0.0019245
0.15008,0.2,0.195096,0.00192339
0.15024,0.2,0.195108,0.00192228
0.1504,0.2,0.19512,0.00192117
0.15056,0.2,0.195132,0.00192007
0.15072,0.2,0.195143,0.00191896
0.15088,0.2,0.195155,0.00191786
0.15104,0.2,0.195166,0.00191676
0.1512,0.2,0.195178,0.00191567
0.15136,0.2,0.19519,0.00191457
0.15152,0.2,0.195201,0.00191348
0.15168,0.2,0.195213,0.00191238
0.15184,0.2,0.195224,0.00191129
0.152,0.2,0.195236,0.00191021
0.15216,0.2,0.195247,0.00190912
0.15232,0.2,0.195259,0.00190803
0.15248,0.2,0.19527,0.00190695
0.15264,0.2,0.195282,0.00190587
0.1528,0.2,0.195293,0.00190479
0.15296,0.2,0.195304,0.00190371
0.15312,0.2,0.195316,0.00190263
0.15328,0.2,0.195327,0.00190156
0.15344,0.2,0.195338,0.00190048
0.1536,0.2,0.19535,0.00189941
0.15376,0.2,0.195361,0.00189834
0.15392,0.2,0.195372,0.00189728
0.15408,0.2,0.195384,0.00189621
0.15424,0.2,0.195395,0.00189514
0.1544,0.2,0.195406,0.00189408
0.15456,0.2,0.195417,0.00189302
0.15472,0.2,0.195428,0.00189196
0.15488,0.2,0.19544,0.0018909
0.15504,0.2,0.195451,0.00188985
0.1552,0.2,0.195462,0.00188879
0.15536,0.2,0.195473,0.00188774
0.15552,0.2,0.195484,0.00188669
0.15568,0.2,0.195495,0.00188564
0.15584,0.2,0.195506,0.00188459
0.156,0.2,0.195517,0.00188354
0.15616,0.2,0.195528,0.0018825
0.15632,0.2,0.19554,0.00188145
0.15648,0.2,0.195551,0.00188041
0.15664,0.2,0.195562,0.00187937
0.1568,0.2,0.195573,0.00187833
0.15696,0.2,0.195583,0.0018773
0.15712,0.2,0.195594,0.00187626
0.15728,0.2,0.195605,0.00187523
0.15744,0.2,0.195616,0.0018742
0.1576,0.2,0.195627,0.00187317
0.15776,0.2,0.195638,0.00187214
0.15792,0.2,0.195649,0.00187111
0.15808,0.2,0.19566,0.00187009
0.15824,0.2,0.195671,0.00186906
0.1584,0.2,0.195681,0.00186804
0.15856,0.2,0.195692,0.00186702
0.15872,0.2,0.195703,0.001866
0.15888,0.2,0.195714,0.00186498
0.15904,0.2,0.195724,0.00186397
0.1592,0.2,0.195735,0.00186295
0.15936,0.2,0.195746,0.00186194
0.15952,0.2,0.195757,0.00186093
0.15968,0.2,0.195767,0.00185992
0.15984,0.2,0.195778,0.00185891
0.16,0.2,0.195789,0.0018579
0.16016,0.2,0.195799,0.0018569
0.16032,0.2,0.19581,0.00185589
0.16048,0.2,0.19582,0.00185489
0.16064,0.2,0.195831,0.00185389
0.1608,0.2,0.195842,0.00185289
0.16096,0.2,0.195852,0.00185189
0.16112,0.2,0.195863,0.0018509
0.16128,0.2,0.195873,0.0018499
0.16144,0.2,0.195884,0.00184891
0.1616,0.2,0.195894,0.00184792
0.16176,0.2,0.195905,0.00184693
0.16192,0.2,0.195915,0.00184594
0.16208,0.2,0.195925,0.00184495
0.16224,0.2,0.195936,0.00184396
0.1624,0.2,0.195946,0.00184298
0.16256,0.2,0.195957,0.001842
0.16272,0.2,0.195967,0.00184102
0.16288,0.2,0.195977,0.00184004
0.16304,0.2,0.195988,0.00183906
0.1632,0.2,0.195998,0.00183808
0.16336,0.2,0.196008,0.00183711
0.16352,0.2,0.196019,0.00183613
0.16368,0.2,0.196029,0.00183516
0.16384,0.2,0.196039,0.00183419
0.164,0.2,0.19605,0.00183322
0.16416,0.2,0.19606,0.00183225
0.16432,0.2,0.19607,0.00183128
0.16448,0.2,0.19608,0.00183032
0.16464,0.2,0.19609,0.00182935
0.1648,0.2,0.196101,0.00182839
0.16496,0.2,0.196111,0.00182743
0.16512,0.2,0.196121,0.00182647
0.16528,0.2,0.196131,0.00182551
0.16544,0.2,0.196141,0.00182456
0.1656,0.2,0.196151,0.0018236
0.16576,0.2,0.196161,0.00182265
0.16592,0.2,0.196172,0.00182169
0.16608,0.2,0.196182,0.00182074
0.16624,0.2,0.196192,0.00181979
0.1664,0.2,0.196202,0.00181884
0.16656,0.2,0.196212,0.0018179
0.16672,-0.2,0.1921,-0.00109214
0.16688,-0.2,0.186149,-0.00371991
0.16704,-0.2,0.179023,-0.00610893
0.1672,-0.2,0.171105,-0.00827092
0.16736,-0.2,0.162651,-0.0102188
0.16752,-0.2,0.153847,-0.0119657
0.16768,-0.2,0.144836,-0.013525
0.16784,-0.2,0.135729,-0.0149096
0.168,-0.2,0.126614,-0.0161321
0.16816,-0.2,0.117561,-0.0172048
0.16832,-0.2,0.108624,-0.0181393
0.16848,-0.2,0.0998493,-0.0189468
0.16864,-0.2,0.0912702,-0.0196378
0.1688,-0.2,0.0829139,-0.0202222
0.16896,-0.2,0.0748007,-0.0207096
0.16912,-0.2,0.0669457,-0.0211086
0.16928,-0.2,0.0593591,-0.0214275
0.16944,-0.2,0.0520478,-0.021674
0.1696,-0.2,0.045015,-0.0218552
0.16976,-0.2,0.0382616,-0.0219778
0.16992,-0.2,0.0317863,-0.0220478
0.17008,-0.2,0.0255857,-0.0220709
0.17024,-0.2,0.0196553,-0.0220525
0.1704,-0.2,0.0139892,-0.0219972
0.17056,-0.2,0.00858034,-0.0219095
0.17072,-0.2,0.00342129,-0.0217934
0.17088,-0.2,-0.00149618,-0.0216527
0.17104,-0.2,-0.00618067,-0.0214906
0.1712,-0.2,-0.0106411,-0.0213103
0.17136,-0.2,-0.0148864,-0.0211144
0.17152,-0.2,-0.0189259,-0.0209056
0.17168,-0.2,-0.0227686,-0.0206861
0.17184,-0.2,-0.0264237,-0.0204579
0.172,-0.2,-0.0299001,-0.0202229
0.17216,-0.2,-0.0332065,-0.0199827
0.17232,-0.2,-0.0363517,-0.0197388
0.17248,-0.2,-0.0393439,-0.0194924
0.17264,-0.2,-0.0421912,-0.0192448
0.1728,-0.2,-0.0449015,-0.0189969
0.17296,-0.2,-0.0474823,-0.0187497
0.17312,-0.2,-0.0499408,-0.0185038
0.17328,-0.2,-0.052284,-0.0182601
0.17344,-0.2,-0.0545184,-0.018019
0.1736,-0.2,-0.0566504,-0.017781
0.17376,-0.2,-0.0586859,-0.0175467
0.17392,-0.2,-0.0606308,-0.0173163
0.17408,-0.2,-0.0624904,-0.0170901
0.17424,-0.2,-0.0642698,-0.0168683
0.1744,-0.2,-0.065974,-0.0166512
0.17456,-0.2,-0.0676074,-0.0164389
0.17472,-0.2,-0.0691744,-0.0162314
0.17488,-0.2,-0.0706792,-0.0160289
0.17504,-0.2,-0.0721254,-0.0158313
0.1752,-0.2,-0.0735167,-0.0156388
0.17536,-0.2,-0.0748565,-0.0154512
0.17552,-0.2,-0.0761479,-0.0152685
0.17568,-0.2,-0.077394,-0.0150908
0.17584,-0.2,-0.0785975,-0.0149178
0.176,-0.2,-0.079761,-0.0147496
0.17616,-0.2,-0.0808869,-0.014586
0.17632,-0.2,-0.0819775,-0.0144269
0.17648,-0.2,-0.0830349,-0.0142723
0.17664,-0.2,-0.0840611,-0.014122
0.1768,-0.2,-0.085058,-0.0139759
0.17696,-0.2,-0.0860272,-0.0138339
0.17712,-0.2,-0.0869704,-0.0136959
0.17728,-0.2,-0.087889,-0.0135617
0.17744,-0.2,-0.0887845,-0.0134312
0.1776,-0.2,-0.0896581,-0.0133044
0.17776,-0.2,-0.0905109,-0.013181
0.17792,-0.2,-0.0913442,-0.0130609
0.17808,-0.2,-0.092159,-0.0129441
0.17824,-0.2,-0.0929562,-0.0128304
0.1784,-0.2,-0.0937366,-0.0127197
0.17856,-0.2,-0.0945013,-0.0126119
0.17872,-0.2,-0.0952508,-0.0125069
0.17888,-0.2,-0.0959859,-0.0124046
0.17904,-0.2,-0.0967074,-0.0123048
0.1792,-0.2,-0.0974157,-0.0122076
0.17936,-0.2,-0.0981115,-0.0121127
0.17952,-0.2,-0.0987954,-0.01202
0.17968,-0.2,-0.0994677,-0.0119296
0.17984,-0.2,-0.100129,-0.0118413
0.18,-0.2,-0.10078,-0.0117551
0.18016,-0.2,-0.10142,-0.0116708
0.18032,-0.2,-0.102051,-0.0115883
0.18048,-0.2,-0.102672,-0.0115077
0.18064,-0.2,-0.103284,-0.0114288
0.1808,-0.2,-0.103887,-0.0113516
0.18096,-0.2,-0.104482,-0.011276
0.18112,-0.2,-0.105068,-0.0112019
0.18128,-0.2,-0.105647,-0.0111293
0.18144,-0.2,-0.106217,-0.0110582
0.1816,-0.2,-0.10678,-0.0109884
0.18176,-0.2,-0.107336,-0.0109199
0.18192,-0.2,-0.107884,-0.0108528
0.18208,-0.2,-0.108425,-0.0107868
0.18224,-0.2,-0.10896,-0.0107221
0.1824,-0.2,-0.109488,-0.0106585
0.18256,-0.2,-0.110009,-0.010596
0.18272,-0.2,-0.110524,-0.0105346
0.18288,-0.2,-0.111033,-0.0104742
0.18304,-0.2,-0.111536,-0.0104148
0.1832,-0.2,-0.112033,-0.0103564
0.18336,-0.2,-0.112524,-0.0102989
0.18352,-0.2,-0.113009,-0.0102424
0.18368,-0.2,-0.113489,-0.0101867
0.18384,-0.2,-0.113963,-0.0101318
0.184,-0.2,-0.114432,-0.0100778
0.18416,-0.2,-0.114896,-0.0100246
0.18432,-0.2,-0.115354,-0.00997217
0.18448,-0.2,-0.115808,-0.00992049
0.18464,-0.2,-0.116256,-0.00986955
0.1848,-0.2,-0.116699,-0.00981932
0.18496,-0.2,-0.117138,-0.00976978
0.18512,-0.2,-0.117572,-0.00972092
0.18528,-0.2,-0.118002,-0.00967272
0.18544,-0.2,-0.118426,-0.00962515
0.1856,-0.2,-0.118847,-0.00957822
0.18576,-0.2,-0.119262,-0.00953189
0.18592,-0.2,-0.119674,-0.00948615
0.18608,-0.2,-0.120081,-0.009441
0.18624,-0.2,-0.120484,-0.00939641
0.1864,-0.2,-0.120883,-0.00935237
0.18656,-0.2,-0.121278,-0.00930887
0.18672,-0.2,-0.121669,-0.0092659
0.18688,-0.2,-0.122056,-0.00922345
0.18704,-0.2,-0.122439,-0.0091815
0.1872,-0.2,-0.122818,-0.00914004
0.18736,-0.2,-0.123194,-0.00909907
0.18752,-0.2,-0.123565,-0.00905857
0.18768,-0.2,-0.123933,-0.00901853
0.18784,-0.2,-0.124298,-0.00897895
0.188,-0.2,-0.124659,-0.00893981
0.18816,-0.2,-0.125016,-0.00890111
0.18832,-0.2,-0.12537,-0.00886283
0.18848,-0.2,-0.125721,-0.00882497
0.18864,-0.2,-0.126068,-0.00878752
0.1888,-0.2,-0.126413,-0.00875048
0.18896,-0.2,-0.126753,-0.00871383
0.18912,-0.2,-0.127091,-0.00867757
0.18928,-0.2,-0.127426,-0.00864169
0.18944,-0.2,-0.127757,-0.00860619
0.1896,-0.2,-0.128085,-0.00857105
0.18976,-0.2,-0.128411,-0.00853627
0.18992,-0.2,-0.128733,-0.00850185
0.19008,-0.2,-0.129053,-0.00846778
0.19024,-0.2,-0.129369,-0.00843405
0.1904,-0.2,-0.129683,-0.00840065
0.19056,-0.2,-0.129994,-0.00836759
0.19072,-0.2,-0.130302,-0.00833486
0.19088,-0.2,-0.130608,-0.00830244
0.19104,-0.2,-0.130911,-0.00827034
0.1912,-0.2,-0.131211,-0.00823855
0.19136,-0.2,-0.131508,-0.00820706
0.19152,-0.2,-0.131804,-0.00817588
0.19168,-0.2,-0.132096,-0.00814499
0.19184,-0.2,-0.132386,-0.00811439
0.192,-0.2,-0.132674,-0.00808407
0.19216,-0.2,-0.132959,-0.00805404
0.19232,-0.2,-0.133241,-0.00802429
0.19248,-0.2,-0.133522,-0.00799481
0.19264,-0.2,-0.1338,-0.00796559
0.1928,-0.2,-0.134076,-0.00793665
0.19296,-0.2,-0.134349,-0.00790796
0.19312,-0.2,-0.13462,-0.00787953
0.19328,-0.2,-0.134889,-0.00785136
0.19344,-0.2,-0.135156,-0.00782343
0.1936,-0.2,-0.135421,-0.00779575
0.19376,-0.2,-0.135683,-0.00776832
0.19392,-0.2,-0.135944,-0.00774112
0.19408,-0.2,-0.136202,-0.00771415
0.19424,-0.2,-0.136458,-0.00768742
0.1944,-0.2,-0.136713,-0.00766092
0.19456,-0.2,-0.136965,-0.00763465
0.19472,-0.2,-0.137215,-0.0076086
0.19488,-0.2,-0.137464,-0.00758276
0.19504,-0.2,-0.13771,-0.00755715
0.1952,-0.2,-0.137955,-0.00753174
0.19536,-0.2,-0.138198,-0.00750655
0.19552,-0.2,-0.138438,-0.00748157
0.19568,-0.2,-0.138677,-0.00745679
0.19584,-0.2,-0.138915,-0.00743221
0.196,-0.2,-0.13915,-0.00740783
0.19616,-0.2,-0.139384,-0.00738365
0.19632,-0.2,-0.139616,-0.00735966
0.19648,-0.2,-0.139846,-0.00733587
0.19664,-0.2,-0.140075,-0.00731226
0.1968,-0.2,-0.140301,-0.00728884
0.19696,-0.2,-0.140527,-0.00726561
0.19712,-0.2,-0.14075,-0.00724256
0.19728,-0.2,-0.140972,-0.00721968
0.19744,-0.2,-0.141193,-0.00719699
0.1976,-0.2,-0.141411,-0.00717447
0.19776,-0.2,-0.141629,-0.00715212
0.19792,-0.2,-0.141844,-0.00712994
0.19808,-0.2,-0.142058,-0.00710793
0.19824,-0.2,-0.142271,-0.00708609
0.1984,-0.2,-0.142482,-0.00706441
0.19856,-0.2,-0.142692,-0.0070429
0.19872,-0.2,-0.1429,-0.00702155
0.19888,-0.2,-0.143107,-0.00700035
0.19904,-0.2,-0.143312,-0.00697931
0.1992,-0.2,-0.143516,-0.00695843
0.19936,-0.2,-0.143719,-0.0069377
0.19952,-0.2,-0.14392,-0.00691712
0.19968,-0.2,-0.14412,-0.00689668
0.19984,-0.2,-0.144318,-0.0068764
0.2,-0.2,-0.144515,-0.00685626
0.20016,-0.2,-0.144711,-0.00683627
0.20032,-0.2,-0.144906,-0.00681642
0.20048,-0.2,-0.145099,-0.00679671
0.20064,-0.2,-0.145291,-0.00677714
0.2008,-0.2,-0.145481,-0.0067577
0.20096,-0.2,-0.145671,-0.0067384
0.20112,-0.2,-0.145859,-0.00671924
0.20128,-0.2,-0.146046,-0.00670021
0.20144,-0.2,-0.146232,-0.00668131
0.2016,-0.2,-0.146416,-0.00666254
0.20176,-0.2,-0.1466,-0.0066439
0.20192,-0.2,-0.146782,-0.00662539
0.20208,-0.2,-0.146963,-0.006607
0.20224,-0.2,-0.147143,-0.00658874
0.2024,-0.2,-0.147321,-0.00657059
0.20256,-0.2,-0.147499,-0.00655258
0.20272,-0.2,-0.147676,-0.00653468
0.20288,-0.2,-0.147851,-0.0065169
0.20304,-0.2,-0.148025,-0.00649923
0.2032,-0.2,-0.148198,-0.00648169
0.20336,-0.2,-0.148371,-0.00646426
0.20352,-0.2,-0.148542,-0.00644694
0.20368,-0.2,-0.148712,-0.00642973
0.20384,-0.2,-0.148881,-0.00641264
0.204,-0.2,-0.149049,-0.00639566
0.20416,-0.2,-0.149216,-0.00637879
0.20432,-0.2,-0.149382,-0.00636202
0.20448,-0.2,-0.149547,-0.00634536
0.20464,-0.2,-0.149711,-0.00632881
0.2048,-0.2,-0.149873,-0.00631236
0.20496,-0.2,-0.150035,-0.00629602
0.20512,-0.2,-0.150197,-0.00627978
0.20528,-0.2,-0.150357,-0.00626364
0.20544,-0.2,-0.150516,-0.0062476
0.2056,-0.2,-0.150674,-0.00623166
0.20576,-0.2,-0.150831,-0.00621582
0.20592,-0.2,-0.150988,-0.00620007
0.20608,-0.2,-0.151143,-0.00618443
0.20624,-0.2,-0.151298,-0.00616887
0.2064,-0.2,-0.151451,-0.00615342
0.20656,-0.2,-0.151604,-0.00613806
0.20672,-0.2,-0.151756,-0.00612278
0.20688,-0.2,-0.151907,-0.00610761
0.20704,-0.2,-0.152057,-0.00609252
0.2072,-0.2,-0.152207,-0.00607752
0.20736,-0.2,-0.152355,-0.00606262
0.20752,-0.2,-0.152503,-0.0060478
0.20768,-0.2,-0.15265,-0.00603306
0.20784,-0.2,-0.152796,-0.00601842
0.208,-0.2,-0.152941,-0.00600386
0.20816,-0.2,-0.153085,-0.00598939
0.20832,-0.2,-0.153229,-0.005975
0.20848,-0.2,-0.153371,-0.00596069
0.20864,-0.2,-0.153514,-0.00594647
0.2088,-0.2,-0.153655,-0.00593233
0.20896,-0.2,-0.153795,-0.00591827
0.20912,-0.2,-0.153935,-0.00590429
0.20928,-0.2,-0.154074,-0.00589039
0.20944,-0.2,-0.154212,-0.00587657
0.2096,-0.2,-0.154349,-0.00586282
0.20976,-0.2,-0.154486,-0.00584916
0.20992,-0.2,-0.154622,-0.00583557
0.21008,-0.2,-0.154757,-0.00582206
0.21024,-0.2,-0.154892,-0.00580862
0.2104,-0.2,-0.155026,-0.00579526
0.21056,-0.2,-0.155159,-0.00578197
0.21072,-0.2,-0.155291,-0.00576876
0.21088,-0.2,-0.155423,-0.00575562
0.21104,-0.2,-0.155554,-0.00574255
0.2112,-0.2,-0.155684,-0.00572955
0.21136,-0.2,-0.155814,-0.00571662
0.21152,-0.2,-0.155943,-0.00570377
0.21168,-0.2,-0.156071,-0.00569098
0.21184,-0.2,-0.156199,-0.00567826
0.212,-0.2,-0.156326,-0.00566561
0.21216,-0.2,-0.156452,-0.00565303
0.21232,-0.2,-0.156578,-0.00564052
0.21248,-0.2,-0.156703,-0.00562807
0.21264,-0.2,-0.156827,-0.00561569
0.2128,-0.2,-0.156951,-0.00560337
0.21296,-0.2,-0.157074,-0.00559112
0.21312,-0.2,-0.157197,-0.00557894
0.21328,-0.2,-0.157319,-0.00556682
0.21344,-0.2,-0.15744,-0.00555476
0.2136,-0.2,-0.157561,-0.00554276
0.21376,-0.2,-0.157681,-0.00553083
0.21392,-0.2,-0.157801,-0.00551896
0.21408,-0.2,-0.15792,-0.00550715
0.21424,-0.2,-0.158038,-0.0054954
0.2144,-0.2,-0.158156,-0.00548371
0.21456,-0.2,-0.158273,-0.00547208
0.21472,-0.2,-0.158389,-0.00546051
0.21488,-0.2,-0.158506,-0.00544899
0.21504,-0.2,-0.158621,-0.00543754
0.2152,-0.2,-0.158736,-0.00542615
0.21536,-0.2,-0.15885,-0.00541481
0.21552,-0.2,-0.158964,-0.00540353
0.21568,-0.2,-0.159077,-0.0053923
0.21584,-0.2,-0.15919,-0.00538113
0.216,-0.2,-0.159302,-0.00537002
0.21616,-0.2,-0.159414,-0.00535896
0.21632,-0.2,-0.159525,-0.00534796
0.21648,-0.2,-0.159636,-0.00533701
0.21664,-0.2,-0.159746,-0.00532612
0.2168,-0.2,-0.159855,-0.00531528
0.21696,-0.2,-0.159965,-0.00530449
0.21712,-0.2,-0.160073,-0.00529375
0.21728,-0.2,-0.160181,-0.00528307
0.21744,-0.2,-0.160289,-0.00527244
0.2176,-0.2,-0.160396,-0.00526186
0.21776,-0.2,-0.160502,-0.00525133
0.21792,-0.2,-0.160608,-0.00524085
0.21808,-0.2,-0.160714,-0.00523042
0.21824,-0.2,-0.160819,-0.00522004
0.2184,-0.2,-0.160924,-0.00520971
0.21856,-0.2,-0.161028,-0.00519943
0.21872,-0.2,-0.161131,-0.0051892
0.21888,-0.2,-0.161234,-0.00517901
0.21904,-0.2,-0.161337,-0.00516888
0.2192,-0.2,-0.161439,-0.00515879
0.21936,-0.2,-0.161541,-0.00514875
0.21952,-0.2,-0.161643,-0.00513876
0.21968,-0.2,-0.161743,-0.00512881
0.21984,-0.2,-0.161844,-0.00511891
0.22,-0.2,-0.161944,-0.00510905
0.22016,-0.2,-0.162043,-0.00509924
0.22032,-0.2,-0.162142,-0.00508948
0.22048,-0.2,-0.162241,-0.00507976
0.22064,-0.2,-0.162339,-0.00507008
0.2208,-0.2,-0.162437,-0.00506045
0.22096,-0.2,-0.162534,-0.00505087
0.22112,-0.2,-0.162631,-0.00504132
0.22128,-0.2,-0.162728,-0.00503182
0.22144,-0.2,-0.162824,-0.00502236
0.2216,-0.2,-0.16292,-0.00501295
0.22176,-0.2,-0.163015,-0.00500358
0.22192,-0.2,-0.16311,-0.00499425
0.22208,-0.2,-0.163204,-0.00498496
0.22224,-0.2,-0.163298,-0.00497571
0.2224,-0.2,-0.163392,-0.0049665
0.22256,-0.2,-0.163485,-0.00495734
0.22272,-0.2,-0.163578,-0.00494821
0.22288,-0.2,-0.16367,-0.00493913
0.22304,-0.2,-0.163762,-0.00493008
0.2232,-0.2,-0.163854,-0.00492108
0.22336,-0.2,-0.163945,-0.00491211
0.22352,-0.2,-0.164036,-0.00490319
0.22368,-0.2,-0.164127,-0.0048943
0.22384,-0.2,-0.164217,-0.00488545
0.224,-0.2,-0.164307,-0.00487664
0.22416,-0.2,-0.164396,-0.00486787
0.22432,-0.2,-0.164485,-0.00485913
0.22448,-0.2,-0.164574,-0.00485044
0.22464,-0.2,-0.164662,-0.00484178
0.2248,-0.2,-0.16475,-0.00483315
0.22496,-0.2,-0.164837,-0.00482457
0.22512,-0.2,-0.164924,-0.00481602
0.22528,-0.2,-0.165011,-0.0048075
0.22544,-0.2,-0.165098,-0.00479903
0.2256,-0.2,-0.165184,-0.00479059
0.22576,-0.2,-0.16527,-0.00478218
0.22592,-0.2,-0.165355,-0.00477381
0.22608,-0.2,-0.16544,-0.00476547
0.22624,-0.2,-0.165525,-0.00475717
0.2264,-0.2,-0.165609,-0.00474891
0.22656,-0.2,-0.165693,-0.00474068
0.22672,-0.2,-0.165777,-0.00473248
0.22688,-0.2,-0.16586,-0.00472431
0.22704,-0.2,-0.165943,-0.00471618
0.2272,-0.2,-0.166026,-0.00470809
0.22736,-0.2,-0.166108,-0.00470003
0.22752,-0.2,-0.16619,-0.004692
0.22768,-0.2,-0.166272,-0.004684
0.22784,-0.2,-0.166354,-0.00467603
0.228,-0.2,-0.166435,-0.0046681
0.22816,-0.2,-0.166515,-0.0046602
0.22832,-0.2,-0.166596,-0.00465233
0.22848,-0.2,-0.166676,-0.0046445
0.22864,-0.2,-0.166756,-0.00463669
0.2288,-0.2,-0.166835,-0.00462892
0.22896,-0.2,-0.166915,-0.00462118
0.22912,-0.2,-0.166993,-0.00461347
0.22928,-0.2,-0.167072,-0.00460579
0.22944,-0.2,-0.16715,-0.00459814
0.2296,-0.2,-0.167228,-0.00459052
0.22976,-0.2,-0.167306,-0.00458293
0.22992,-0.2,-0.167383,-0.00457537
0.23008,-0.2,-0.16746,-0.00456784
0.23024,-0.2,-0.167537,-0.00456034
0.2304,-0.2,-0.167614,-0.00455287
0.23056,-0.2,-0.16769,-0.00454543
0.23072,-0.2,-0.167766,-0.00453802
0.23088,-0.2,-0.167842,-0.00453064
0.23104,-0.2,-0.167917,-0.00452329
0.2312,-0.2,-0.167992,-0.00451596
0.23136,-0.2,-0.168067,-0.00450866
0.23152,-0.2,-0.168141,-0.00450139
0.23168,-0.2,-0.168216,-0.00449415
0.23184,-0.2,-0.168289,-0.00448694
0.232,-0.2,-0.168363,-0.00447976
0.23216,-0.2,-0.168437,-0.0044726
0.23232,-0.2,-0.16851,-0.00446547
0.23248,-0.2,-0.168583,-0.00445837
0.23264,-0.2,-0.168655,-0.00445129
0.2328,-0.2,-0.168727,-0.00444424
0.23296,-0.2,-0.1688,-0.00443722
0.23312,-0.2,-0.168871,-0.00443022
0.23328,-0.2,-0.168943,-0.00442325
0.23344,-0.2,-0.169014,-0.00441631
0.2336,-0.2,-0.169085,-0.00440939
0.23376,-0.2,-0.169156,-0.0044025
0.23392,-0.2,-0.169226,-0.00439564
0.23408,-0.2,-0.169297,-0.0043888
0.23424,-0.2,-0.169367,-0.00438198
0.2344,-0.2,-0.169436,-0.0043752
0.23456,-0.2,-0.169506,-0.00436843
0.23472,-0.2,-0.169575,-0.00436169
0.23488,-0.2,-0.169644,-0.00435498
0.23504,-0.2,-0.169713,-0.00434829
0.2352,-0.2,-0.169781,-0.00434163
0.23536,-0.2,-0.169849,-0.00433499
0.23552,-0.2,-0.169917,-0.00432837
0.23568,-0.2,-0.169985,-0.00432178
0.23584,-0.2,-0.170053,-0.00431521
0.236,-0.2,-0.17012,-0.00430867
0.23616,-0.2,-0.170187,-0.00430215
0.23632,-0.2,-0.170254,-0.00429565
0.23648,-0.2,-0.17032,-0.00428918
0.23664,-0.2,-0.170387,-0.00428273
0.2368,-0.2,-0.170453,-0.0042763
0.23696,-0.2,-0.170519,-0.0042699
0.23712,-0.2,-0.170584,-0.00426352
0.23728,-0.2,-0.17065,-0.00425716
0.23744,-0.2,-0.170715,-0.00425083
0.2376,-0.2,-0.17078,-0.00424451
0.23776,-0.2,-0.170845,-0.00423822
0.23792,-0.2,-0.170909,-0.00423196
0.23808,-0.2,-0.170974,-0.00422571
0.23824,-0.2,-0.171038,-0.00421949
0.2384,-0.2,-0.171102,-0.00421329
0.23856,-0.2,-0.171165,-0.00420711
0.23872,-0.2,-0.171229,-0.00420095
0.23888,-0.2,-0.171292,-0.00419481
0.23904,-0.2,-0.171355,-0.0041887
0.2392,-0.2,-0.171418,-0.00418261
0.23936,-0.2,-0.17148,-0.00417653
0.23952,-0.2,-0.171543,-0.00417048
0.23968,-0.2,-0.171605,-0.00416445
0.23984,-0.2,-0.171667,-0.00415844
0.24,-0.2,-0.171728,-0.00415245
0.24016,-0.2,-0.17179,-0.00414649
0.24032,-0.2,-0.171851,-0.00414054
0.24048,-0.2,-0.171912,-0.00413461
0.24064,-0.2,-0.171973,-0.00412871
0.2408,-0.2,-0.172034,-0.00412282
0.24096,-0.2,-0.172094,-0.00411695
0.24112,-0.2,-0.172155,-0.00411111
0.24128,-0.2,-0.172215,-0.00410528
0.24144,-0.2,-0.172275,-0.00409947
0.2416,-0.2,-0.172334,-0.00409369
0.24176,-0.2,-0.172394,-0.00408792
0.24192,-0.2,-0.172453,-0.00408217
0.24208,-0.2,-0.172512,-0.00407644
0.24224,-0.2,-0.172571,-0.00407073
0.2424,-0.2,-0.17263,-0.00406504
0.24256,-0.2,-0.172689,-0.00405937
0.24272,-0.2,-0.172747,-0.00405372
0.24288,-0.2,-0.172805,-0.00404809
0.24304,-0.2,-0.172863,-0.00404247
0.2432,-0.2,-0.172921,-0.00403688
0.24336,-0.2,-0.172978,-0.0040313
0.24352,-0.2,-0.173036,-0.00402574
0.24368,-0.2,-0.173093,-0.0040202
0.24384,-0.2,-0.17315,-0.00401468
0.244,-0.2,-0.173207,-0.00400917
0.24416,-0.2,-0.173264,-0.00400369
0.24432,-0.2,-0.17332,-0.00399822
0.24448,-0.2,-0.173376,-0.00399277
0.24464,-0.2,-0.173433,-0.00398734
0.2448,-0.2,-0.173489,-0.00398192
0.24496,-0.2,-0.173544,-0.00397652
0.24512,-0.2,-0.1736,-0.00397114
0.24528,-0.2,-0.173655,-0.00396578
0.24544,-0.2,-0.173711,-0.00396044
0.2456,-0.2,-0.173766,-0.00395511
0.24576,-0.2,-0.173821,-0.0039498
0.24592,-0.2,-0.173875,-0.00394451
0.24608,-0.2,-0.17393,-0.00393923
0.24624,-0.2,-0.173984,-0.00393397
0.2464,-0.2,-0.174039,-0.00392873
0.24656,-0.2,-0.174093,-0.0039235
0.24672,-0.2,-0.174146,-0.00391829
0.24688,-0.2,-0.1742,-0.0039131
0.24704,-0.2,-0.174254,-0.00390792
0.2472,-0.2,-0.174307,-0.00390276
0.24736,-0.2,-0.17436,-0.00389762
0.24752,-0.2,-0.174413,-0.00389249
0.24768,-0.2,-0.174466,-0.00388738
0.24784,-0.2,-0.174519,-0.00388229
0.248,-0.2,-0.174572,-0.00387721
0.24816,-0.2,-0.174624,-0.00387214
0.24832,-0.2,-0.174676,-0.0038671
0.24848,-0.2,-0.174728,-0.00386207
0.24864,-0.2,-0.17478,-0.00385705
0.2488,-0.2,-0.174832,-0.00385205
0.24896,-0.2,-0.174884,-0.00384706
0.24912,-0.2,-0.174935,-0.0038421
0.24928,-0.2,-0.174987,-0.00383714
0.24944,-0.2,-0.175038,-0.0038322
0.2496,-0.2,-0.175089,-0.00382728
0.24976,-0.2,-0.175139,-0.00382237
0.24992,-0.2,-0.17519,-0.00381748
0.25008,-0.2,-0.175241,-0.0038126
0.25024,-0.2,-0.175291,-0.00380774
0.2504,-0.2,-0.175341,-0.00380289
0.25056,-0.2,-0.175391,-0.00379806
0.25072,-0.2,-0.175441,-0.00379324
0.25088,-0.2,-0.175491,-0.00378843
0.25104,-0.2,-0.175541,-0.00378364
0.2512,-0.2,-0.17559,-0.00377887
0.25136,-0.2,-0.17564,-0.00377411
0.25152,-0.2,-0.175689,-0.00376936
0.25168,-0.2,-0.175738,-0.00376463
0.25184,-0.2,-0.175787,-0.00375991
0.252,-0.2,-0.175836,-0.00375521
0.25216,-0.2,-0.175884,-0.00375052
0.25232,-0.2,-0.175933,-0.00374585
0.25248,-0.2,-0.175981,-0.00374119
0.25264,-0.2,-0.176029,-0.00373654
0.2528,-0.2,-0.176077,-0.0037319
0.25296,-0.2,-0.176125,-0.00372728
0.25312,-0.2,-0.176173,-0.00372268
0.25328,-0.2,-0.176221,-0.00371809
0.25344,-0.2,-0.176268,-0.00371351
0.2536,-0.2,-0.176316,-0.00370894
0.25376,-0.2,-0.176363,-0.00370439
0.25392,-0.2,-0.17641,-0.00369985
0.25408,-0.2,-0.176457,-0.00369533
0.25424,-0.2,-0.176504,-0.00369082
0.2544,-0.2,-0.17655,-0.00368632
0.25456,-0.2,-0.176597,-0.00368183
0.25472,-0.2,-0.176643,-0.00367736
0.25488,-0.2,-0.17669,-0.0036729
0.25504,-0.2,-0.176736,-0.00366845
0.2552,-0.2,-0.176782,-0.00366402
0.25536,-0.2,-0.176828,-0.0036596
0.25552,-0.2,-0.176874,-0.00365519
0.25568,-0.2,-0.176919,-0.0036508
0.25584,-0.2,-0.176965,-0.00364642
0.256,-0.2,-0.17701,-0.00364205
0.25616,-0.2,-0.177055,-0.00363769
0.25632,-0.2,-0.177101,-0.00363335
0.25648,-0.2,-0.177146,-0.00362901
0.25664,-0.2,-0.17719,-0.00362469
0.2568,-0.2,-0.177235,-0.00362039
0.25696,-0.2,-0.17728,-0.00361609
0.25712,-0.2,-0.177324,-0.00361181
0.25728,-0.2,-0.177369,-0.00360754
0.25744,-0.2,-0.177413,-0.00360328
0.2576,-0.2,-0.177457,-0.00359903
0.25776,-0.2,-0.177501,-0.0035948
0.25792,-0.2,-0.177545,-0.00359058
0.25808,-0.2,-0.177589,-0.00358637
0.25824,-0.2,-0.177632,-0.00358217
0.2584,-0.2,-0.177676,-0.00357798
0.25856,-0.2,-0.177719,-0.00357381
0.25872,-0.2,-0.177763,-0.00356964
0.25888,-0.2,-0.177806,-0.00356549
0.25904,-0.2,-0.177849,-0.00356135
0.2592,-0.2,-0.177892,-0.00355722
0.25936,-0.2,-0.177935,-0.0035531
0.25952,-0.2,-0.177977,-0.003549
0.25968,-0.2,-0.17802,-0.0035449
0.25984,-0.2,-0.178062,-0.00354082
0.26,-0.2,-0.178105,-0.00353675
0.26016,-0.2,-0.178147,-0.00353269
0.26032,-0.2,-0.178189,-0.00352864
0.26048,-0.2,-0.178231,-0.0035246
0.26064,-0.2,-0.178273,-0.00352058
0.2608,-0.2,-0.178315,-0.00351656
0.26096,-0.2,-0.178356,-0.00351256
0.26112,-0.2,-0.178398,-0.00350856
0.26128,-0.2,-0.178439,-0.00350458
0.26144,-0.2,-0.178481,-0.00350061
0.2616,-0.2,-0.178522,-0.00349665
0.26176,-0.2,-0.178563,-0.00349269
0.26192,-0.2,-0.178604,-0.00348875
0.26208,-0.2,-0.178645,-0.00348483
0.26224,-0.2,-0.178686,-0.00348091
0.2624,-0.2,-0.178727,-0.003477
0.26256,-0.2,-0.178767,-0.0034731
0.26272,-0.2,-0.178808,-0.00346922
0.26288,-0.2,-0.178848,-0.00346534
0.26304,-0.2,-0.178888,-0.00346147
0.2632,-0.2,-0.178928,-0.00345762
0.26336,-0.2,-0.178968,-0.00345377
0.26352,-0.2,-0.179008,-0.00344994
0.26368,-0.2,-0.179048,-0.00344611
0.26384,-0.2,-0.179088,-0.0034423
0.264,-0.2,-0.179128,-0.00343849
0.26416,-0.2,-0.179167,-0.0034347
0.26432,-0.2,-0.179207,-0.00343092
0.26448,-0.2,-0.179246,-0.00342714
0.26464,-0.2,-0.179285,-0.00342338
0.2648,-0.2,-0.179324,-0.00341962
0.26496,-0.2,-0.179363,-0.00341588
0.26512,-0.2,-0.179402,-0.00341214
0.26528,-0.2,-0.179441,-0.00340842
0.26544,-0.2,-0.17948,-0.00340471
0.2656,-0.2,-0.179518,-0.003401
0.26576,-0.2,-0.179557,-0.00339731
0.26592,-0.2,-0.179595,-0.00339362
0.26608,-0.2,-0.179634,-0.00338994
0.26624,-0.2,-0.179672,-0.00338628
0.2664,-0.2,-0.17971,-0.00338262
0.26656,-0.2,-0.179748,-0.00337897
0.26672,-0.2,-0.179786,-0.00337533
0.26688,-0.2,-0.179824,-0.00337171
0.26704,-0.2,-0.179861,-0.00336809
0.2672,-0.2,-0.179899,-0.00336448
0.26736,-0.2,-0.179937,-0.00336088
0.26752,-0.2,-0.179974,-0.00335729
0.26768,-0.2,-0.180011,-0.0033537
0.26784,-0.2,-0.180049,-0.00335013
0.268,-0.2,-0.180086,-0.00334657
0.26816,-0.2,-0.180123,-0.00334301
0.26832,-0.2,-0.18016,-0.00333947
0.26848,-0.2,-0.180197,-0.00333593
0.26864,-0.2,-0.180234,-0.0033324
0.2688,-0.2,-0.18027,-0.00332889
0.26896,-0.2,-0.180307,-0.00332538
0.26912,-0.2,-0.180343,-0.00332188
0.26928,-0.2,-0.18038,-0.00331838
0.26944,-0.2,-0.180416,-0.0033149
0.2696,-0.2,-0.180452,-0.00331143
0.26976,-0.2,-0.180489,-0.00330796
0.26992,-0.2,-0.180525,-0.00330451
0.27008,-0.2,-0.180561,-0.00330106
0.27024,-0.2,-0.180597,-0.00329762
0.2704,-0.2,-0.180632,-0.00329419
0.27056,-0.2,-0.180668,-0.00329077
0.27072,-0.2,-0.180704,-0.00328735
0.27088,-0.2,-0.180739,-0.00328395
0.27104,-0.2,-0.180775,-0.00328055
0.2712,-0.2,-0.18081,-0.00327717
0.27136,-0.2,-0.180845,-0.00327379
0.27152,-0.2,-0.180881,-0.00327042
0.27168,-0.2,-0.180916,-0.00326705
0.27184,-0.2,-0.180951,-0.0032637
0.272,-0.2,-0.180986,-0.00326035
0.27216,-0.2,-0.181021,-0.00325701
0.27232,-0.2,-0.181055,-0.00325369
0.27248,-0.2,-0.18109,-0.00325036
0.27264,-0.2,-0.181125,-0.00324705
0.2728,-0.2,-0.181159,-0.00324375
0.27296,-0.2,-0.181194,-0.00324045
0.27312,-0.2,-0.181228,-0.00323716
0.27328,-0.2,-0.181262,-0.00323388
0.27344,-0.2,-0.181296,-0.00323061
0.2736,-0.2,-0.18133,-0.00322734
0.27376,-0.2,-0.181365,-0.00322409
0.27392,-0.2,-0.181398,-0.00322084
0.27408,-0.2,-0.181432,-0.0032176
0.27424,-0.2,-0.181466,-0.00321436
0.2744,-0.2,-0.1815,-0.00321114
0.27456,-0.2,-0.181533,-0.00320792
0.27472,-0.2,-0.181567,-0.00320471
0.27488,-0.2,-0.1816,-0.00320151
0.27504,-0.2,-0.181634,-0.00319832
0.2752,-0.2,-0.181667,-0.00319513
0.27536,-0.2,-0.1817,-0.00319195
0.27552,-0.2,-0.181733,-0.00318878
0.27568,-0.2,-0.181767,-0.00318562
0.27584,-0.2,-0.1818,-0.00318246
0.276,-0.2,-0.181832,-0.00317931
0.27616,-0.2,-0.181865,-0.00317617
0.27632,-0.2,-0.181898,-0.00317304
0.27648,-0.2,-0.181931,-0.00316991
0.27664,-0.2,-0.181963,-0.00316679
0.2768,-0.2,-0.181996,-0.00316368
0.27696,-0.2,-0.182028,-0.00316058
0.27712,-0.2,-0.182061,-0.00315748
0.27728,-0.2,-0.182093,-0.00315439
0.27744,-0.2,-0.182125,-0.00315131
0.2776,-0.2,-0.182157,-0.00314824
0.27776,-0.2,-0.182189,-0.00314517
0.27792,-0.2,-0.182222,-0.00314211
0.27808,-0.2,-0.182253,-0.00313906
0.27824,-0.2,-0.182285,-0.00313601
0.2784,-0.2,-0.182317,-0.00313297
0.27856,-0.2,-0.182349,-0.00312994
0.27872,-0.2,-0.18238,-0.00312692
0.27888,-0.2,-0.182412,-0.0031239
0.27904,-0.2,-0.182443,-0.00312089
0.2792,-0.2,-0.182475,-0.00311789
0.27936,-0.2,-0.182506,-0.00311489
0.27952,-0.2,-0.182538,-0.0031119
0.27968,-0.2,-0.182569,-0.00310892
0.27984,-0.2,-0.1826,-0.00310595
0.28,-0.2,-0.182631,-0.00310298
0.28016,-0.2,-0.182662,-0.00310002
0.28032,-0.2,-0.182693,-0.00309706
0.28048,-0.2,-0.182724,-0.00309411
0.28064,-0.2,-0.182755,-0.00309117
0.2808,-0.2,-0.182785,-0.00308824
0.28096,-0.2,-0.182816,-0.00308531
0.28112,-0.2,-0.182846,-0.00308239
0.28128,-0.2,-0.182877,-0.00307948
0.28144,-0.2,-0.182907,-0.00307657
0.2816,-0.2,-0.182938,-0.00307367
0.28176,-0.2,-0.182968,-0.00307077
0.28192,-0.2,-0.182998,-0.00306788
0.28208,-0.2,-0.183028,-0.003065
0.28224,-0.2,-0.183059,-0.00306213
0.2824,-0.2,-0.183089,-0.00305926
0.28256,-0.2,-0.183119,-0.0030564
0.28272,-0.2,-0.183148,-0.00305354
0.28288,-0.2,-0.183178,-0.0030507
0.28304,-0.2,-0.183208,-0.00304785
0.2832,-0.2,-0.183238,-0.00304502
0.28336,-0.2,-0.183267,-0.00304219
0.28352,-0.2,-0.183297,-0.00303936
0.28368,-0.2,-0.183326,-0.00303655
0.28384,-0.2,-0.183356,-0.00303374
0.284,-0.2,-0.183385,-0.00303093
0.28416,-0.2,-0.183415,-0.00302814
0.28432,-0.2,-0.183444,-0.00302534
0.28448,-0.2,-0.183473,-0.00302256
0.28464,-0.2,-0.183502,-0.00301978
0.2848,-0.2,-0.183531,-0.00301701
0.28496,-0.2,-0.18356,-0.00301424
0.28512,-0.2,-0.183589,-0.00301148
0.28528,-0.2,-0.183618,-0.00300872
0.28544,-0.2,-0.183647,-0.00300598
0.2856,-0.2,-0.183676,-0.00300323
0.28576,-0.2,-0.183704,-0.0030005
0.28592,-0.2,-0.183733,-0.00299777
0.28608,-0.2,-0.183761,-0.00299504
0.28624,-0.2,-0.18379,-0.00299233
0.2864,-0.2,-0.183818,-0.00298961
0.28656,-0.2,-0.183847,-0.00298691
0.28672,-0.2,-0.183875,-0.00298421
0.28688,-0.2,-0.183903,-0.00298151
0.28704,-0.2,-0.183931,-0.00297882
0.2872,-0.2,-0.18396,-0.00297614
0.28736,-0.2,-0.183988,-0.00297346
0.28752,-0.2,-0.184016,-0.00297079
0.28768,-0.2,-0.184044,-0.00296813
0.28784,-0.2,-0.184071,-0.00296547
0.288,-0.2,-0.184099,-0.00296281
0.28816,-0.2,-0.184127,-0.00296017
0.28832,-0.2,-0.184155,-0.00295752
0.28848,-0.2,-0.184182,-0.00295489
0.28864,-0.2,-0.18421,-0.00295226
0.2888,-0.2,-0.184237,-0.00294963
0.28896,-0.2,-0.184265,-0.00294701
0.28912,-0.2,-0.184292,-0.0029444
0.28928,-0.2,-0.18432,-0.00294179
0.28944,-0.2,-0.184347,-0.00293919
0.2896,-0.2,-0.184374,-0.00293659
0.28976,-0.2,-0.184401,-0.002934
0.28992,-0.2,-0.184429,-0.00293142
0.29008,-0.2,-0.184456,-0.00292884
0.29024,-0.2,-0.184483,-0.00292626
0.2904,-0.2,-0.18451,-0.00292369
0.29056,-0.2,-0.184536,-0.00292113
0.29072,-0.2,-0.184563,-0.00291857
0.29088,-0.2,-0.18459,-0.00291602
0.29104,-0.2,-0.184617,-0.00291347
0.2912,-0.2,-0.184643,-0.00291093
0.29136,-0.2,-0.18467,-0.00290839
0.29152,-0.2,-0.184697,-0.00290586
0.29168,-0.2,-0.184723,-0.00290333
0.29184,-0.2,-0.18475,-0.00290081
0.292,-0.2,-0.184776,-0.0028983
0.29216,-0.2,-0.184802,-0.00289579
0.29232,-0.2,-0.184829,-0.00289328
0.29248,-0.2,-0.184855,-0.00289078
0.29264,-0.2,-0.184881,-0.00288829
0.2928,-0.2,-0.184907,-0.0028858
0.29296,-0.2,-0.184933,-0.00288332
0.29312,-0.2,-0.184959,-0.00288084
0.29328,-0.2,-0.184985,-0.00287836
0.29344,-0.2,-0.185011,-0.0028759
0.2936,-0.2,-0.185037,-0.00287343
0.29376,-0.2,-0.185063,-0.00287097
0.29392,-0.2,-0.185089,-0.00286852
0.29408,-0.2,-0.185114,-0.00286607
0.29424,-0.2,-0.18514,-0.00286363
0.2944,-0.2,-0.185165,-0.00286119
0.29456,-0.2,-0.185191,-0.00285876
0.29472,-0.2,-0.185216,-0.00285633
0.29488,-0.2,-0.185242,-0.00285391
0.29504,-0.2,-0.185267,-0.00285149
0.2952,-0.2,-0.185293,-0.00284908
0.29536,-0.2,-0.185318,-0.00284667
0.29552,-0.2,-0.185343,-0.00284427
0.29568,-0.2,-0.185368,-0.00284187
0.29584,-0.2,-0.185393,-0.00283948
0.296,-0.2,-0.185419,-0.00283709
0.29616,-0.2,-0.185444,-0.00283471
0.29632,-0.2,-0.185469,-0.00283233
0.29648,-0.2,-0.185493,-0.00282996
0.29664,-0.2,-0.185518,-0.00282759
0.2968,-0.2,-0.185543,-0.00282522
0.29696,-0.2,-0.185568,-0.00282287
0.29712,-0.2,-0.185593,-0.00282051
0.29728,-0.2,-0.185617,-0.00281816
0.29744,-0.2,-0.185642,-0.00281582
0.2976,-0.2,-0.185667,-0.00281348
0.29776,-0.2,-0.185691,-0.00281114
0.29792,-0.2,-0.185716,-0.00280881
0.29808,-0.2,-0.18574,-0.00280649
0.29824,-0.2,-0.185764,-0.00280417
0.2984,-0.2,-0.185789,-0.00280185
0.29856,-0.2,-0.185813,-0.00279954
0.29872,-0.2,-0.185837,-0.00279723
0.29888,-0.2,-0.185861,-0.00279493
0.29904,-0.2,-0.185886,-0.00279263
0.2992,-0.2,-0.18591,-0.00279034
0.29936,-0.2,-0.185934,-0.00278805
0.29952,-0.2,-0.185958,-0.00278576
0.29968,-0.2,-0.185982,-0.00278349
0.29984,-0.2,-0.186006,-0.00278121
0.3,-0.2,-0.18603,-0.00277894
0.30016,-0.2,-0.186053,-0.00277667
0.30032,-0.2,-0.186077,-0.00277441
0.30048,-0.2,-0.186101,-0.00277216
0.30064,-0.2,-0.186124,-0.0027699
0.3008,-0.2,-0.186148,-0.00276766
0.30096,-0.2,-0.186172,-0.00276541
0.30112,-0.2,-0.186195,-0.00276317
0.30128,-0.2,-0.186219,-0.00276094
0.30144,-0.2,-0.186242,-0.00275871
0.3016,-0.2,-0.186266,-0.00275648
0.30176,-0.2,-0.186289,-0.00275426
0.30192,-0.2,-0.186312,-0.00275204
0.30208,-0.2,-0.186336,-0.00274983
0.30224,-0.2,-0.186359,-0.00274762
0.3024,-0.2,-0.186382,-0.00274542
0.30256,-0.2,-0.186405,-0.00274322
0.30272,-0.2,-0.186428,-0.00274102
0.30288,-0.2,-0.186451,-0.00273883
0.30304,-0.2,-0.186474,-0.00273664
0.3032,-0.2,-0.186497,-0.00273446
0.30336,-0.2,-0.18652,-0.00273228
0.30352,-0.2,-0.186543,-0.00273011
0.30368,-0.2,-0.186566,-0.00272794
0.30384,-0.2,-0.186588,-0.00272577
0.304,-0.2,-0.186611,-0.00272361
0.30416,-0.2,-0.186634,-0.00272145
0.30432,-0.2,-0.186657,-0.0027193
0.30448,-0.2,-0.186679,-0.00271715
0.30464,-0.2,-0.186702,-0.00271501
0.3048,-0.2,-0.186724,-0.00271286
0.30496,-0.2,-0.186747,-0.00271073
0.30512,-0.2,-0.186769,-0.0027086
0.30528,-0.2,-0.186792,-0.00270647
0.30544,-0.2,-0.186814,-0.00270434
0.3056,-0.2,-0.186836,-0.00270222
0.30576,-0.2,-0.186858,-0.00270011
0.30592,-0.2,-0.186881,-0.00269799
0.30608,-0.2,-0.186903,-0.00269589
0.30624,-0.2,-0.186925,-0.00269378
0.3064,-0.2,-0.186947,-0.00269168
0.30656,-0.2,-0.186969,-0.00268958
0.30672,-0.2,-0.186991,-0.00268749
0.30688,-0.2,-0.187013,-0.0026854
0.30704,-0.2,-0.187035,-0.00268332
0.3072,-0.2,-0.187057,-0.00268124
0.30736,-0.2,-0.187079,-0.00267916
0.30752,-0.2,-0.187101,-0.00267709
0.30768,-0.2,-0.187122,-0.00267502
0.30784,-0.2,-0.187144,-0.00267296
0.308,-0.2,-0.187166,-0.0026709
0.30816,-0.2,-0.187188,-0.00266884
0.30832,-0.2,-0.187209,-0.00266679
0.30848,-0.2,-0.187231,-0.00266474
0.30864,-0.2,-0.187252,-0.00266269
0.3088,-0.2,-0.187274,-0.00266065
0.30896,-0.2,-0.187295,-0.00265861
0.30912,-0.2,-0.187317,-0.00265658
0.30928,-0.2,-0.187338,-0.00265455
0.30944,-0.2,-0.187359,-0.00265252
0.3096,-0.2,-0.187381,-0.0026505
0.30976,-0.2,-0.187402,-0.00264848
0.30992,-0.2,-0.187423,-0.00264647
0.31008,-0.2,-0.187444,-0.00264445
0.31024,-0.2,-0.187465,-0.00264245
0.3104,-0.2,-0.187486,-0.00264044
0.31056,-0.2,-0.187507,-0.00263844
0.31072,-0.2,-0.187529,-0.00263645
0.31088,-0.2,-0.187549,-0.00263445
0.31104,-0.2,-0.18757,-0.00263247
0.3112,-0.2,-0.187591,-0.00263048
0.31136,-0.2,-0.187612,-0.0026285
0.31152,-0.2,-0.187633,-0.00262652
0.31168,-0.2,-0.187654,-0.00262455
0.31184,-0.2,-0.187675,-0.00262258
0.312,-0.2,-0.187695,-0.00262061
0.31216,-0.2,-0.187716,-0.00261864
0.31232,-0.2,-0.187737,-0.00261668
0.31248,-0.2,-0.187757,-0.00261473
0.31264,-0.2,-0.187778,-0.00261278
0.3128,-0.2,-0.187798,-0.00261083
0.31296,-0.2,-0.187819,-0.00260888
0.31312,-0.2,-0.187839,-0.00260694
0.31328,-0.2,-0.18786,-0.002605
0.31344,-0.2,-0.18788,-0.00260307
0.3136,-0.2,-0.1879,-0.00260113
0.31376,-0.2,-0.187921,-0.00259921
0.31392,-0.2,-0.187941,-0.00259728
0.31408,-0.2,-0.187961,-0.00259536
0.31424,-0.2,-0.187981,-0.00259344
0.3144,-0.2,-0.188002,-0.00259153
0.31456,-0.2,-0.188022,-0.00258962
0.31472,-0.2,-0.188042,-0.00258771
0.31488,-0.2,-0.188062,-0.00258581
0.31504,-0.2,-0.188082,-0.00258391
0.3152,-0.2,-0.188102,-0.00258201
0.31536,-0.2,-0.188122,-0.00258012
0.31552,-0.2,-0.188142,-0.00257823
0.31568,-0.2,-0.188162,-0.00257634
0.31584,-0.2,-0.188181,-0.00257446
0.316,-0.2,-0.188201,-0.00257258
0.31616,-0.2,-0.188221,-0.0025707
0.31632,-0.2,-0.188241,-0.00256883
0.31648,-0.2,-0.188261,-0.00256696
0.31664,-0.2,-0.18828,-0.00256509
0.3168,-0.2,-0.1883,-0.00256323
0.31696,-0.2,-0.188319,-0.00256137
0.31712,-0.2,-0.188339,-0.00255951
0.31728,-0.2,-0.188359,-0.00255766
0.31744,-0.2,-0.188378,-0.00255581
0.3176,-0.2,-0.188397,-0.00255396
0.31776,-0.2,-0.188417,-0.00255212
0.31792,-0.2,-0.188436,-0.00255028
0.31808,-0.2,-0.188456,-0.00254844
0.31824,-0.2,-0.188475,-0.00254661
0.3184,-0.2,-0.188494,-0.00254478
0.31856,-0.2,-0.188514,-0.00254295
0.31872,-0.2,-0.188533,-0.00254113
0.31888,-0.2,-0.188552,-0.0025393
0.31904,-0.2,-0.188571,-0.00253749
0.3192,-0.2,-0.18859,-0.00253567
0.31936,-0.2,-0.188609,-0.00253386
0.31952,-0.2,-0.188628,-0.00253205
0.31968,-0.2,-0.188647,-0.00253025
0.31984,-0.2,-0.188666,-0.00252845
0.32,-0.2,-0.188685,-0.00252665
0.32016,-0.2,-0.188704,-0.00252485
0.32032,-0.2,-0.188723,-0.00252306
0.32048,-0.2,-0.188742,-0.00252127
0.32064,-0.2,-0.188761,-0.00251949
0.3208,-0.2,-0.18878,-0.0025177
0.32096,-0.2,-0.188799,-0.00251592
0.32112,-0.2,-0.188817,-0.00251415
0.32128,-0.2,-0.188836,-0.00251237
0.32144,-0.2,-0.188855,-0.0025106
0.3216,-0.2,-0.188873,-0.00250883
0.32176,-0.2,-0.188892,-0.00250707
0.32192,-0.2,-0.18891,-0.00250531
0.32208,-0.2,-0.188929,-0.00250355
0.32224,-0.2,-0.188948,-0.00250179
0.3224,-0.2,-0.188966,-0.00250004
0.32256,-0.2,-0.188984,-0.00249829
0.32272,-0.2,-0.189003,-0.00249655
0.32288,-0.2,-0.189021,-0.0024948
0.32304,-0.2,-0.18904,-0.00249306
0.3232,-0.2,-0.189058,-0.00249132
0.32336,-0.2,-0.189076,-0.00248959
0.32352,-0.2,-0.189095,-0.00248786
0.32368,-0.2,-0.189113,-0.00248613
0.32384,-0.2,-0.189131,-0.0024844
0.324,-0.2,-0.189149,-0.00248268
0.32416,-0.2,-0.189167,-0.00248096
0.32432,-0.2,-0.189185,-0.00247925
0.32448,-0.2,-0.189203,-0.00247753
0.32464,-0.2,-0.189222,-0.00247582
0.3248,-0.2,-0.18924,-0.00247411
0.32496,-0.2,-0.189258,-0.00247241
0.32512,-0.2,-0.189275,-0.00247071
0.32528,-0.2,-0.189293,-0.00246901
0.32544,-0.2,-0.189311,-0.00246731
0.3256,-0.2,-0.189329,-0.00246562
0.32576,-0.2,-0.189347,-0.00246393
0.32592,-0.2,-0.189365,-0.00246224
0.32608,-0.2,-0.189383,-0.00246055
0.32624,-0.2,-0.1894,-0.00245887
0.3264,-0.2,-0.189418,-0.00245719
0.32656,-0.2,-0.189436,-0.00245551
0.32672,-0.2,-0.189453,-0.00245384
0.32688,-0.2,-0.189471,-0.00245217
0.32704,-0.2,-0.189489,-0.0024505
0.3272,-0.2,-0.189506,-0.00244884
0.32736,-0.2,-0.189524,-0.00244717
0.32752,-0.2,-0.189541,-0.00244551
0.32768,-0.2,-0.189559,-0.00244386
0.32784,-0.2,-0.189576,-0.0024422
0.328,-0.2,-0.189594,-0.00244055
0.32816,-0.2,-0.189611,-0.0024389
0.32832,-0.2,-0.189628,-0.00243726
0.32848,-0.2,-0.189646,-0.00243561
0.32864,-0.2,-0.189663,-0.00243397
0.3288,-0.2,-0.18968,-0.00243233
0.32896,-0.2,-0.189698,-0.0024307
0.32912,-0.2,-0.189715,-0.00242907
0.32928,-0.2,-0.189732,-0.00242744
0.32944,-0.2,-0.189749,-0.00242581
0.3296,-0.2,-0.189766,-0.00242419
0.32976,-0.2,-0.189784,-0.00242256
0.32992,-0.2,-0.189801,-0.00242094
0.33008,-0.2,-0.189818,-0.00241933
0.33024,-0.2,-0.189835,-0.00241771
0.3304,-0.2,-0.189852,-0.0024161
0.33056,-0.2,-0.189869,-0.00241449
0.33072,-0.2,-0.189886,-0.00241289
0.33088,-0.2,-0.189903,-0.00241129
0.33104,-0.2,-0.18992,-0.00240969
0.3312,-0.2,-0.189936,-0.00240809
0.33136,-0.2,-0.189953,-0.00240649
0.33152,-0.2,-0.18997,-0.0024049
0.33168,-0.2,-0.189987,-0.00240331
0.33184,-0.2,-0.190004,-0.00240172
0.332,-0.2,-0.19002,-0.00240014
0.33216,-0.2,-0.190037,-0.00239855
0.33232,-0.2,-0.190054,-0.00239698
0.33248,-0.2,-0.19007,-0.0023954
0.33264,-0.2,-0.190087,-0.00239382
0.3328,-0.2,-0.190104,-0.00239225
0.33296,-0.2,-0.19012,-0.00239068
0.33312,-0.2,-0.190137,-0.00238911
0.33328,-0.2,-0.190153,-0.00238755
0.33344,0.2,-0.186049,0.000523103
0.3336,0.2,-0.180103,0.00315149
0.33376,0.2,-0.172984,0.00554113
0.33392,0.2,-0.165073,0.00770373
0.33408,0.2,-0.156625,0.00965221
0.33424,0.2,-0.147827,0.0113998
0.3344,0.2,-0.138823,0.0129596
0.33456,0.2,-0.129722,0.0143448
0.33472,0.2,-0.120614,0.015568
0.33488,0.2,-0.111567,0.0166412
0.33504,0.2,-0.102637,0.0175764
0.3352,0.2,-0.093868,0.0183844
0.33536,0.2,-0.0852953,0.019076
0.33552,0.2,-0.0769453,0.0196611
0.33568,0.2,-0.0688385,0.0201491
0.33584,0.2,-0.0609897,0.0205487
0.336,0.2,-0.0534095,0.0208682
0.33616,0.2,-0.0461044,0.0211153
0.33632,0.2,-0.0390779,0.0212971
0.33648,0.2,-0.0323308,0.0214202
0.33664,0.2,-0.0258617,0.0214908
0.3368,0.2,-0.0196675,0.0215146
0.33696,0.2,-0.0137433,0.0214967
0.33712,0.2,-0.00808332,0.021442
0.33728,0.2,-0.00268072,0.0213549
0.33744,0.2,0.00247213,0.0212394
0.3376,0.2,0.0073834,0.0210993
0.33776,0.2,0.0120617,0.0209378
0.33792,0.2,0.0165159,0.020758
0.33808,0.2,0.0207551,0.0205628
0.33824,0.2,0.0247884,0.0203546
0.3384,0.2,0.028625,0.0201356
0.33856,0.2,0.032274,0.019908
0.33872,0.2,0.0357442,0.0196736
0.33888,0.2,0.0390446,0.019434
0.33904,0.2,0.0421837,0.0191906
0.3392,0.2,0.0451698,0.0189449
0.33936,0.2,0.0480111,0.0186978
0.33952,0.2,0.0507153,0.0184505
0.33968,0.2,0.05329,0.0182038
0.33984,0.2,0.0557425,0.0179585
0.34,0.2,0.0580796,0.0177154
0.34016,0.2,0.060308,0.0174748
0.34032,0.2,0.062434,0.0172375
0.34048,0.2,0.0644635,0.0170037
0.34064,0.2,0.0664024,0.0167738
0.3408,0.2,0.0682561,0.0165482
0.34096,0.2,0.0700295,0.016327
0.34112,0.2,0.0717277,0.0161105
0.34128,0.2,0.0733552,0.0158987
0.34144,0.2,0.0749163,0.0156918
0.3416,0.2,0.0764151,0.0154898
0.34176,0.2,0.0778554,0.0152929
0.34192,0.2,0.0792408,0.0151009
0.34208,0.2,0.0805747,0.0149138
0.34224,0.2,0.0818603,0.0147317
0.3424,0.2,0.0831005,0.0145545
0.34256,0.2,0.0842981,0.0143821
0.34272,0.2,0.0854557,0.0142144
0.34288,0.2,0.0865758,0.0140514
0.34304,0.2,0.0876605,0.0138929
0.3432,0.2,0.0887122,0.0137388
0.34336,0.2,0.0897326,0.0135891
0.34352,0.2,0.0907236,0.0134436
0.34368,0.2,0.0916871,0.0133021
0.34384,0.2,0.0926245,0.0131646
0.344,0.2,0.0935373,0.013031
0.34416,0.2,0.094427,0.0129011
0.34432,0.2,0.0952948,0.0127747
0.34448,0.2,0.096142,0.0126519
0.34464,0.2,0.0969695,0.0125324
0.3448,0.2,0.0977786,0.0124161
0.34496,0.2,0.09857,0.012303
0.34512,0.2,0.0993448,0.0121928
0.34528,0.2,0.100104,0.0120855
0.34544,0.2,0.100848,0.0119811
0.3456,0.2,0.101577,0.0118793
0.34576,0.2,0.102293,0.0117801
0.34592,0.2,0.102996,0.0116833
0.34608,0.2,0.103686,0.011589
0.34624,0.2,0.104364,0.0114969
0.3464,0.2,0.105031,0.011407
0.34656,0.2,0.105686,0.0113192
0.34672,0.2,0.106331,0.0112335
0.34688,0.2,0.106966,0.0111497
0.34704,0.2,0.107591,0.0110678
0.3472,0.2,0.108207,0.0109877
0.34736,0.2,0.108814,0.0109094
0.34752,0.2,0.109411,0.0108327
0.34768,0.2,0.11,0.0107576
0.34784,0.2,0.110581,0.010684
0.348,0.2,0.111154,0.010612
0.34816,0.2,0.111719,0.0105413
0.34832,0.2,0.112276,0.0104721
0.34848,0.2,0.112826,0.0104042
0.34864,0.2,0.113369,0.0103375
0.3488,0.2,0.113905,0.0102721
0.34896,0.2,0.114434,0.0102079
0.34912,0.2,0.114957,0.0101448
0.34928,0.2,0.115473,0.0100828
0.34944,0.2,0.115982,0.0100219
0.3496,0.2,0.116486,0.00996206
0.34976,0.2,0.116983,0.00990319
0.34992,0.2,0.117474,0.00984529
0.35008,0.2,0.11796,0.00978832
0.35024,0.2,0.11844,0.00973226
0.3504,0.2,0.118914,0.00967708
0.35056,0.2,0.119383,0.00962275
0.35072,0.2,0.119847,0.00956925
0.35088,0.2,0.120305,0.00951654
0.35104,0.2,0.120758,0.00946461
0.3512,0.2,0.121206,0.00941344
0.35136,0.2,0.121649,0.009363
0.35152,0.2,0.122087,0.00931328
0.35168,0.2,0.122521,0.00926424
0.35184,0.2,0.122949,0.00921588
0.352,0.2,0.123373,0.00916818
0.35216,0.2,0.123793,0.00912112
0.35232,0.2,0.124208,0.00907469
0.35248,0.2,0.124619,0.00902886
0.35264,0.2,0.125025,0.00898362
0.3528,0.2,0.125427,0.00893896
0.35296,0.2,0.125825,0.00889487
0.35312,0.2,0.126218,0.00885133
0.35328,0.2,0.126608,0.00880833
0.35344,0.2,0.126994,0.00876585
0.3536,0.2,0.127375,0.00872389
0.35376,0.2,0.127753,0.00868244
0.35392,0.2,0.128127,0.00864147
0.35408,0.2,0.128497,0.00860099
0.35424,0.2,0.128864,0.00856098
0.3544,0.2,0.129227,0.00852144
0.35456,0.2,0.129586,0.00848234
0.35472,0.2,0.129942,0.00844369
0.35488,0.2,0.130294,0.00840547
0.35504,0.2,0.130643,0.00836768
0.3552,0.2,0.130989,0.00833031
0.35536,0.2,0.131331,0.00829335
0.35552,0.2,0.13167,0.00825679
0.35568,0.2,0.132006,0.00822062
0.35584,0.2,0.132338,0.00818484
0.356,0.2,0.132668,0.00814945
0.35616,0.2,0.132994,0.00811442
0.35632,0.2,0.133317,0.00807977
0.35648,0.2,0.133638,0.00804547
0.35664,0.2,0.133955,0.00801153
0.3568,0.2,0.13427,0.00797793
0.35696,0.2,0.134581,0.00794468
0.35712,0.2,0.13489,0.00791176
0.35728,0.2,0.135196,0.00787917
0.35744,0.2,0.135499,0.00784691
0.3576,0.2,0.1358,0.00781497
0.35776,0.2,0.136098,0.00778334
0.35792,0.2,0.136393,0.00775202
0.35808,0.2,0.136685,0.00772101
0.35824,0.2,0.136975,0.00769029
0.3584,0.2,0.137263,0.00765987
0.35856,0.2,0.137548,0.00762974
0.35872,0.2,0.137831,0.0075999
0.35888,0.2,0.138111,0.00757033
0.35904,0.2,0.138389,0.00754105
0.3592,0.2,0.138664,0.00751203
0.35936,0.2,0.138937,0.00748329
0.35952,0.2,0.139208,0.0074548
0.35968,0.2,0.139477,0.00742658
0.35984,0.2,0.139743,0.00739862
0.36,0.2,0.140007,0.0073709
0.36016,0.2,0.140269,0.00734344
0.36032,0.2,0.140529,0.00731622
0.36048,0.2,0.140786,0.00728924
0.36064,0.2,0.141042,0.0072625
0.3608,0.2,0.141296,0.007236
0.36096,0.2,0.141547,0.00720973
0.36112,0.2,0.141797,0.00718368
0.36128,0.2,0.142044,0.00715787
0.36144,0.2,0.14229,0.00713227
0.3616,0.2,0.142533,0.00710689
0.36176,0.2,0.142775,0.00708173
0.36192,0.2,0.143015,0.00705678
0.36208,0.2,0.143253,0.00703204
0.36224,0.2,0.143489,0.00700751
0.3624,0.2,0.143723,0.00698318
0.36256,0.2,0.143955,0.00695905
0.36272,0.2,0.144186,0.00693512
0.36288,0.2,0.144415,0.00691139
0.36304,0.2,0.144642,0.00688785
0.3632,0.2,0.144868,0.0068645
0.36336,0.2,0.145092,0.00684135
0.36352,0.2,0.145314,0.00681837
0.36368,0.2,0.145534,0.00679558
0.36384,0.2,0.145753,0.00677298
0.364,0.2,0.14597,0.00675055
0.36416,0.2,0.146186,0.00672829
0.36432,0.2,0.1464,0.00670622
0.36448,0.2,0.146613,0.00668431
0.36464,0.2,0.146824,0.00666258
0.3648,0.2,0.147033,0.00664101
0.36496,0.2,0.147241,0.00661961
0.36512,0.2,0.147448,0.00659837
0.36528,0.2,0.147653,0.00657729
0.36544,0.2,0.147856,0.00655638
0.3656,0.2,0.148059,0.00653562
0.36576,0.2,0.148259,0.00651501
0.36592,0.2,0.148459,0.00649457
0.36608,0.2,0.148657,0.00647427
0.36624,0.2,0.148853,0.00645412
0.3664,0.2,0.149048,0.00643413
0.36656,0.2,0.149242,0.00641428
0.36672,0.2,0.149435,0.00639457
0.36688,0.2,0.149626,0.00637501
0.36704,0.2,0.149816,0.00635559
0.3672,0.2,0.150005,0.00633631
0.36736,0.2,0.150192,0.00631717
0.36752,0.2,0.150378,0.00629816
0.36768,0.2,0.150563,0.00627929
0.36784,0.2,0.150747,0.00626055
0.368,0.2,0.150929,0.00624195
0.36816,0.2,0.151111,0.00622348
0.36832,0.2,0.151291,0.00620513
0.36848,0.2,0.151469,0.00618692
0.36864,0.2,0.151647,0.00616883
0.3688,0.2,0.151824,0.00615086
0.36896,0.2,0.151999,0.00613302
0.36912,0.2,0.152173,0.0061153
0.36928,0.2,0.152347,0.00609771
0.36944,0.2,0.152519,0.00608023
0.3696,0.2,0.15269,0.00606287
0.36976,0.2,0.152859,0.00604562
0.36992,0.2,0.153028,0.0060285
0.37008,0.2,0.153196,0.00601148
0.37024,0.2,0.153363,0.00599458
0.3704,0.2,0.153528,0.0059778
0.37056,0.2,0.153693,0.00596112
0.37072,0.2,0.153856,0.00594455
0.37088,0.2,0.154019,0.0059281
0.37104,0.2,0.154181,0.00591174
0.3712,0.2,0.154341,0.0058955
0.37136,0.2,0.154501,0.00587936
0.37152,0.2,0.154659,0.00586333
0.37168,0.2,0.154817,0.00584739
0.37184,0.2,0.154974,0.00583156
0.372,0.2,0.155129,0.00581583
0.37216,0.2,0.155284,0.0058002
0.37232,0.2,0.155438,0.00578467
0.37248,0.2,0.155591,0.00576924
0.37264,0.2,0.155743,0.00575391
0.3728,0.2,0.155894,0.00573867
0.37296,0.2,0.156045,0.00572352
0.37312,0.2,0.156194,0.00570847
0.37328,0.2,0.156342,0.00569351
0.37344,0.2,0.15649,0.00567865
0.3736,0.2,0.156637,0.00566387
0.37376,0.2,0.156783,0.00564919
0.37392,0.2,0.156928,0.0056346
0.37408,0.2,0.157072,0.00562009
0.37424,0.2,0.157215,0.00560567
0.3744,0.2,0.157358,0.00559134
0.37456,0.2,0.1575,0.0055771
0.37472,0.2,0.157641,0.00556294
0.37488,0.2,0.157781,0.00554887
0.37504,0.2,0.15792,0.00553487
0.3752,0.2,0.158059,0.00552097
0.37536,0.2,0.158197,0.00550714
0.37552,0.2,0.158334,0.0054934
0.37568,0.2,0.15847,0.00547973
0.37584,0.2,0.158606,0.00546615
0.376,0.2,0.15874,0.00545264
0.37616,0.2,0.158874,0.00543922
0.37632,0.2,0.159008,0.00542587
0.37648,0.2,0.15914,0.0054126
0.37664,0.2,0.159272,0.0053994
0.3768,0.2,0.159403,0.00538628
0.37696,0.2,0.159533,0.00537324
0.37712,0.2,0.159663,0.00536027
0.37728,0.2,0.159792,0.00534737
0.37744,0.2,0.15992,0.00533454
0.3776,0.2,0.160048,0.00532179
0.37776,0.2,0.160175,0.00530911
0.37792,0.2,0.160301,0.0052965
0.37808,0.2,0.160427,0.00528396
0.37824,0.2,0.160552,0.00527149
0.3784,0.2,0.160676,0.00525909
0.37856,0.2,0.160799,0.00524676
0.37872,0.2,0.160922,0.0052345
0.37888,0.2,0.161045,0.0052223
0.37904,0.2,0.161166,0.00521017
0.3792,0.2,0.161287,0.0051981
0.37936,0.2,0.161408,0.00518611
0.37952,0.2,0.161527,0.00517417
0.37968,0.2,0.161646,0.0051623
0.37984,0.2,0.161765,0.0051505
0.38,0.2,0.161883,0.00513876
0.38016,0.2,0.162,0.00512708
0.38032,0.2,0.162117,0.00511546
0.38048,0.2,0.162233,0.00510391
0.38064,0.2,0.162349,0.00509241
0.3808,0.2,0.162464,0.00508098
0.38096,0.2,0.162578,0.00506961
0.38112,0.2,0.162692,0.00505829
0.38128,0.2,0.162805,0.00504704
0.38144,0.2,0.162918,0.00503584
0.3816,0.2,0.16303,0.00502471
0.38176,0.2,0.163141,0.00501363
0.38192,0.2,0.163252,0.00500261
0.38208,0.2,0.163363,0.00499164
0.38224,0.2,0.163472,0.00498073
0.3824,0.2,0.163582,0.00496988
0.38256,0.2,0.163691,0.00495908
0.38272,0.2,0.163799,0.00494834
0.38288,0.2,0.163907,0.00493766
0.38304,0.2,0.164014,0.00492702
0.3832,0.2,0.164121,0.00491644
0.38336,0.2,0.164227,0.00490592
0.38352,0.2,0.164332,0.00489544
0.38368,0.2,0.164438,0.00488502
0.38384,0.2,0.164542,0.00487465
0.384,0.2,0.164646,0.00486434
0.38416,0.2,0.16475,0.00485407
0.38432,0.2,0.164853,0.00484386
0.38448,0.2,0.164956,0.00483369
0.38464,0.2,0.165058,0.00482358
0.3848,0.2,0.16516,0.00481351
0.38496,0.2,0.165261,0.0048035
0.38512,0.2,0.165362,0.00479353
0.38528,0.2,0.165462,0.00478361
0.38544,0.2,0.165562,0.00477374
0.3856,0.2,0.165661,0.00476392
0.38576,0.2,0.16576,0.00475414
0.38592,0.2,0.165859,0.00474442
0.38608,0.2,0.165957,0.00473473
0.38624,0.2,0.166054,0.0047251
0.3864,0.2,0.166151,0.00471551
0.38656,0.2,0.166248,0.00470597
0.38672,0.2,0.166344,0.00469647
0.38688,0.2,0.16644,0.00468702
0.38704,0.2,0.166535,0.00467761
0.3872,0.2,0.16663,0.00466825
0.38736,0.2,0.166724,0.00465893
0.38752,0.2,0.166819,0.00464965
0.38768,0.2,0.166912,0.00464042
0.38784,0.2,0.167005,0.00463123
0.388,0.2,0.167098,0.00462208
0.38816,0.2,0.16719,0.00461298
0.38832,0.2,0.167282,0.00460391
0.38848,0.2,0.167374,0.00459489
0.38864,0.2,0.167465,0.00458591
0.3888,0.2,0.167556,0.00457698
0.38896,0.2,0.167646,0.00456808
0.38912,0.2,0.167736,0.00455922
0.38928,0.2,0.167826,0.00455041
0.38944,0.2,0.167915,0.00454163
0.3896,0.2,0.168003,0.00453289
0.38976,0.2,0.168092,0.0045242
0.38992,0.2,0.16818,0.00451554
0.39008,0.2,0.168267,0.00450692
0.39024,0.2,0.168355,0.00449834
0.3904,0.2,0.168441,0.0044898
0.39056,0.2,0.168528,0.00448129
0.39072,0.2,0.168614,0.00447283
0.39088,0.2,0.1687,0.0044644
0.39104,0.2,0.168785,0.00445601
0.3912,0.2,0.16887,0.00444766
0.39136,0.2,0.168955,0.00443934
0.39152,0.2,0.169039,0.00443106
0.39168,0.2,0.169123,0.00442281
0.39184,0.2,0.169206,0.00441461
0.392,0.2,0.16929,0.00440643
0.39216,0.2,0.169373,0.0043983
0.39232,0.2,0.169455,0.00439019
0.39248,0.2,0.169537,0.00438213
0.39264,0.2,0.169619,0.0043741
0.3928,0.2,0.169701,0.0043661
0.39296,0.2,0.169782,0.00435814
0.39312,0.2,0.169862,0.00435021
0.39328,0.2,0.169943,0.00434231
0.39344,0.2,0.170023,0.00433445
0.3936,0.2,0.170103,0.00432663
0.39376,0.2,0.170182,0.00431883
0.39392,0.2,0.170262,0.00431107
0.39408,0.2,0.17034,0.00430334
0.39424,0.2,0.170419,0.00429565
0.3944,0.2,0.170497,0.00428798
0.39456,0.2,0.170575,0.00428035
0.39472,0.2,0.170653,0.00427275
0.39488,0.2,0.17073,0.00426518
0.39504,0.2,0.170807,0.00425765
0.3952,0.2,0.170883,0.00425014
0.39536,0.2,0.17096,0.00424267
0.39552,0.2,0.171036,0.00423523
0.39568,0.2,0.171111,0.00422782
0.39584,0.2,0.171187,0.00422043
0.396,0.2,0.171262,0.00421308
0.39616,0.2,0.171337,0.00420576
0.39632,0.2,0.171411,0.00419847
0.39648,0.2,0.171485,0.00419121
0.39664,0.2,0.171559,0.00418398
0.3968,0.2,0.171633,0.00417678
0.39696,0.2,0.171706,0.0041696
0.39712,0.2,0.171779,0.00416246
0.39728,0.2,0.171852,0.00415534
0.39744,0.2,0.171925,0.00414826
0.3976,0.2,0.171997,0.0041412
0.39776,0.2,0.172069,0.00413417
0.39792,0.2,0.17214,0.00412717
0.39808,0.2,0.172212,0.00412019
0.39824,0.2,0.172283,0.00411325
0.3984,0.2,0.172354,0.00410633
0.39856,0.2,0.172424,0.00409944
0.39872,0.2,0.172494,0.00409257
0.39888,0.2,0.172564,0.00408574
0.39904,0.2,0.172634,0.00407893
0.3992,0.2,0.172704,0.00407214
0.39936,0.2,0.172773,0.00406539
0.39952,0.2,0.172842,0.00405866
0.39968,0.2,0.172911,0.00405195
0.39984,0.2,0.172979,0.00404528
